date,temperature_min,temperature_max,temperature_mean,hour_tmin,hour_tmax,precipitation,wind_speed_mean,wind_speed_max,wind_direction,hour_wind_max,humidity_min,humidity_max,humidity_mean,hour_hrmin,hour_hrmax,pressure_min,pressure_max,hour_presmin,hour_presmax
2018-01-01,-2.7,7.3,2.3,06:00,16:00,3.5,3.5,7.5,NW,14:00,55,85,70,15:00,05:00,1010.0,1018.0,13:00,03:00
2018-01-02,-2.8,7.2,2.2,06:00,16:00,0.0,4.0,8.0,N,14:00,56,86,71,15:00,05:00,1011.0,1019.0,13:00,03:00
2018-01-03,-2.8,7.2,2.2,06:00,16:00,0.0,4.5,8.5,NE,14:00,57,87,72,15:00,05:00,1012.0,1020.0,13:00,03:00
2018-01-04,-2.8,7.2,2.2,06:00,16:00,0.0,5.0,9.0,E,14:00,58,88,73,15:00,05:00,1013.0,1021.0,13:00,03:00
2018-01-05,-2.9,7.1,2.1,06:00,16:00,0.0,5.5,9.5,SE,14:00,59,89,74,15:00,05:00,1014.0,1022.0,13:00,03:00
2018-01-06,-2.9,7.1,2.1,06:00,16:00,3.5,6.0,10.0,S,14:00,40,70,55,15:00,05:00,1005.0,1013.0,13:00,03:00
2018-01-07,-2.9,7.1,2.1,06:00,16:00,0.0,3.0,7.0,SW,14:00,41,71,56,15:00,05:00,1006.0,1014.0,13:00,03:00
2018-01-08,-2.9,7.1,2.1,06:00,16:00,0.0,3.5,7.5,W,14:00,42,72,57,15:00,05:00,1007.0,1015.0,13:00,03:00
2018-01-09,-2.9,7.1,2.1,06:00,16:00,0.0,4.0,8.0,NW,14:00,43,73,58,15:00,05:00,1008.0,1016.0,13:00,03:00
2018-01-10,-3.0,7.0,2.0,06:00,16:00,0.0,4.5,8.5,N,14:00,44,74,59,15:00,05:00,1009.0,1017.0,13:00,03:00
2018-01-11,-3.0,7.0,2.0,06:00,16:00,3.5,5.0,9.0,NE,14:00,45,75,60,15:00,05:00,1010.0,1018.0,13:00,03:00
2018-01-12,-3.0,7.0,2.0,06:00,16:00,0.0,5.5,9.5,E,14:00,46,76,61,15:00,05:00,1011.0,1019.0,13:00,03:00
2018-01-13,-3.0,7.0,2.0,06:00,16:00,0.0,6.0,10.0,SE,14:00,47,77,62,15:00,05:00,1012.0,1020.0,13:00,03:00
2018-01-14,-3.0,7.0,2.0,06:00,16:00,0.0,3.0,7.0,S,14:00,48,78,63,15:00,05:00,1013.0,1021.0,13:00,03:00
2018-01-15,-3.0,7.0,2.0,06:00,16:00,0.0,3.5,7.5,SW,14:00,49,79,64,15:00,05:00,1014.0,1022.0,13:00,03:00
2018-01-16,-3.0,7.0,2.0,06:00,16:00,3.5,4.0,8.0,W,14:00,50,80,65,15:00,05:00,1005.0,1013.0,13:00,03:00
2018-01-17,-3.0,7.0,2.0,06:00,16:00,0.0,4.5,8.5,NW,14:00,51,81,66,15:00,05:00,1006.0,1014.0,13:00,03:00
2018-01-18,-3.0,7.0,2.0,06:00,16:00,0.0,5.0,9.0,N,14:00,52,82,67,15:00,05:00,1007.0,1015.0,13:00,03:00
2018-01-19,-3.0,7.0,2.0,06:00,16:00,0.0,5.5,9.5,NE,14:00,53,83,68,15:00,05:00,1008.0,1016.0,13:00,03:00
2018-01-20,-3.0,7.0,2.0,06:00,16:00,0.0,6.0,10.0,E,14:00,54,84,69,15:00,05:00,1009.0,1017.0,13:00,03:00
2018-01-21,-2.9,7.1,2.1,06:00,16:00,3.5,3.0,7.0,SE,14:00,55,85,70,15:00,05:00,1010.0,1018.0,13:00,03:00
2018-01-22,-2.9,7.1,2.1,06:00,16:00,0.0,3.5,7.5,S,14:00,56,86,71,15:00,05:00,1011.0,1019.0,13:00,03:00
2018-01-23,-2.9,7.1,2.1,06:00,16:00,0.0,4.0,8.0,SW,14:00,57,87,72,15:00,05:00,1012.0,1020.0,13:00,03:00
2018-01-24,-2.9,7.1,2.1,06:00,16:00,0.0,4.5,8.5,W,14:00,58,88,73,15:00,05:00,1013.0,1021.0,13:00,03:00
2018-01-25,-2.9,7.1,2.1,06:00,16:00,0.0,5.0,9.0,NW,14:00,59,89,74,15:00,05:00,1014.0,1022.0,13:00,03:00
2018-01-26,-2.8,7.2,2.2,06:00,16:00,3.5,5.5,9.5,N,14:00,40,70,55,15:00,05:00,1005.0,1013.0,13:00,03:00
2018-01-27,-2.8,7.2,2.2,06:00,16:00,0.0,6.0,10.0,NE,14:00,41,71,56,15:00,05:00,1006.0,1014.0,13:00,03:00
2018-01-28,-2.8,7.2,2.2,06:00,16:00,0.0,3.0,7.0,E,14:00,42,72,57,15:00,05:00,1007.0,1015.0,13:00,03:00
2018-01-29,-2.7,7.3,2.3,06:00,16:00,0.0,3.5,7.5,SE,14:00,43,73,58,15:00,05:00,1008.0,1016.0,13:00,03:00
2018-01-30,-2.7,7.3,2.3,06:00,16:00,0.0,4.0,8.0,S,14:00,44,74,59,15:00,05:00,1009.0,1017.0,13:00,03:00
2018-01-31,-2.6,7.4,2.4,06:00,16:00,3.5,4.5,8.5,SW,14:00,45,75,60,15:00,05:00,1010.0,1018.0,13:00,03:00
2018-02-01,-2.6,7.4,2.4,06:00,16:00,0.0,5.0,9.0,W,14:00,46,76,61,15:00,05:00,1011.0,1019.0,13:00,03:00
2018-02-02,-2.5,7.5,2.5,06:00,16:00,0.0,5.5,9.5,NW,14:00,47,77,62,15:00,05:00,1012.0,1020.0,13:00,03:00
2018-02-03,-2.5,7.5,2.5,06:00,16:00,0.0,6.0,10.0,N,14:00,48,78,63,15:00,05:00,1013.0,1021.0,13:00,03:00
2018-02-04,-2.4,7.6,2.6,06:00,16:00,0.0,3.0,7.0,NE,14:00,49,79,64,15:00,05:00,1014.0,1022.0,13:00,03:00
2018-02-05,-2.4,7.6,2.6,06:00,16:00,3.5,3.5,7.5,E,14:00,50,80,65,15:00,05:00,1005.0,1013.0,13:00,03:00
2018-02-06,-2.3,7.7,2.7,06:00,16:00,0.0,4.0,8.0,SE,14:00,51,81,66,15:00,05:00,1006.0,1014.0,13:00,03:00
2018-02-07,-2.2,7.8,2.8,06:00,16:00,0.0,4.5,8.5,S,14:00,52,82,67,15:00,05:00,1007.0,1015.0,13:00,03:00
2018-02-08,-2.2,7.8,2.8,06:00,16:00,0.0,5.0,9.0,SW,14:00,53,83,68,15:00,05:00,1008.0,1016.0,13:00,03:00
2018-02-09,-2.1,7.9,2.9,06:00,16:00,0.0,5.5,9.5,W,14:00,54,84,69,15:00,05:00,1009.0,1017.0,13:00,03:00
2018-02-10,-2.0,8.0,3.0,06:00,16:00,3.5,6.0,10.0,NW,14:00,55,85,70,15:00,05:00,1010.0,1018.0,13:00,03:00
2018-02-11,-1.9,8.1,3.1,06:00,16:00,0.0,3.0,7.0,N,14:00,56,86,71,15:00,05:00,1011.0,1019.0,13:00,03:00
2018-02-12,-1.9,8.1,3.1,06:00,16:00,0.0,3.5,7.5,NE,14:00,57,87,72,15:00,05:00,1012.0,1020.0,13:00,03:00
2018-02-13,-1.8,8.2,3.2,06:00,16:00,0.0,4.0,8.0,E,14:00,58,88,73,15:00,05:00,1013.0,1021.0,13:00,03:00
2018-02-14,-1.7,8.3,3.3,06:00,16:00,0.0,4.5,8.5,SE,14:00,59,89,74,15:00,05:00,1014.0,1022.0,13:00,03:00
2018-02-15,-1.6,8.4,3.4,06:00,16:00,3.5,5.0,9.0,S,14:00,40,70,55,15:00,05:00,1005.0,1013.0,13:00,03:00
2018-02-16,-1.5,8.5,3.5,06:00,16:00,0.0,5.5,9.5,SW,14:00,41,71,56,15:00,05:00,1006.0,1014.0,13:00,03:00
2018-02-17,-1.4,8.6,3.6,06:00,16:00,0.0,6.0,10.0,W,14:00,42,72,57,15:00,05:00,1007.0,1015.0,13:00,03:00
2018-02-18,-1.3,8.7,3.7,06:00,16:00,0.0,3.0,7.0,NW,14:00,43,73,58,15:00,05:00,1008.0,1016.0,13:00,03:00
2018-02-19,-1.2,8.8,3.8,06:00,16:00,0.0,3.5,7.5,N,14:00,44,74,59,15:00,05:00,1009.0,1017.0,13:00,03:00
2018-02-20,-1.1,8.9,3.9,06:00,16:00,3.5,4.0,8.0,NE,14:00,45,75,60,15:00,05:00,1010.0,1018.0,13:00,03:00
2018-02-21,-1.0,9.0,4.0,06:00,16:00,0.0,4.5,8.5,E,14:00,46,76,61,15:00,05:00,1011.0,1019.0,13:00,03:00
2018-02-22,-0.9,9.1,4.1,06:00,16:00,0.0,5.0,9.0,SE,14:00,47,77,62,15:00,05:00,1012.0,1020.0,13:00,03:00
2018-02-23,-0.8,9.2,4.2,06:00,16:00,0.0,5.5,9.5,S,14:00,48,78,63,15:00,05:00,1013.0,1021.0,13:00,03:00
2018-02-24,-0.7,9.3,4.3,06:00,16:00,0.0,6.0,10.0,SW,14:00,49,79,64,15:00,05:00,1014.0,1022.0,13:00,03:00
2018-02-25,-0.6,9.4,4.4,06:00,16:00,3.5,3.0,7.0,W,14:00,50,80,65,15:00,05:00,1005.0,1013.0,13:00,03:00
2018-02-26,-0.5,9.5,4.5,06:00,16:00,0.0,3.5,7.5,NW,14:00,51,81,66,15:00,05:00,1006.0,1014.0,13:00,03:00
2018-02-27,-0.4,9.6,4.6,06:00,16:00,0.0,4.0,8.0,N,14:00,52,82,67,15:00,05:00,1007.0,1015.0,13:00,03:00
2018-02-28,-0.3,9.7,4.7,06:00,16:00,0.0,4.5,8.5,NE,14:00,53,83,68,15:00,05:00,1008.0,1016.0,13:00,03:00
2018-03-01,-0.1,9.9,4.9,06:00,16:00,0.0,5.0,9.0,E,14:00,54,84,69,15:00,05:00,1009.0,1017.0,13:00,03:00
2018-03-02,0.0,10.0,5.0,06:00,16:00,3.5,5.5,9.5,SE,14:00,55,85,70,15:00,05:00,1010.0,1018.0,13:00,03:00
2018-03-03,0.1,10.1,5.1,06:00,16:00,0.0,6.0,10.0,S,14:00,56,86,71,15:00,05:00,1011.0,1019.0,13:00,03:00
2018-03-04,0.2,10.2,5.2,06:00,16:00,0.0,3.0,7.0,SW,14:00,57,87,72,15:00,05:00,1012.0,1020.0,13:00,03:00
2018-03-05,0.4,10.4,5.4,06:00,16:00,0.0,3.5,7.5,W,14:00,58,88,73,15:00,05:00,1013.0,1021.0,13:00,03:00
2018-03-06,0.5,10.5,5.5,06:00,16:00,0.0,4.0,8.0,NW,14:00,59,89,74,15:00,05:00,1014.0,1022.0,13:00,03:00
2018-03-07,0.6,10.6,5.6,06:00,16:00,3.5,4.5,8.5,N,14:00,40,70,55,15:00,05:00,1005.0,1013.0,13:00,03:00
2018-03-08,0.7,10.7,5.7,06:00,16:00,0.0,5.0,9.0,NE,14:00,41,71,56,15:00,05:00,1006.0,1014.0,13:00,03:00
2018-03-09,0.9,10.9,5.9,06:00,16:00,0.0,5.5,9.5,E,14:00,42,72,57,15:00,05:00,1007.0,1015.0,13:00,03:00
2018-03-10,1.0,11.0,6.0,06:00,16:00,0.0,6.0,10.0,SE,14:00,43,73,58,15:00,05:00,1008.0,1016.0,13:00,03:00
2018-03-11,1.2,11.2,6.2,06:00,16:00,0.0,3.0,7.0,S,14:00,44,74,59,15:00,05:00,1009.0,1017.0,13:00,03:00
2018-03-12,1.3,11.3,6.3,06:00,16:00,3.5,3.5,7.5,SW,14:00,45,75,60,15:00,05:00,1010.0,1018.0,13:00,03:00
2018-03-13,1.4,11.4,6.4,06:00,16:00,0.0,4.0,8.0,W,14:00,46,76,61,15:00,05:00,1011.0,1019.0,13:00,03:00
2018-03-14,1.6,11.6,6.6,06:00,16:00,0.0,4.5,8.5,NW,14:00,47,77,62,15:00,05:00,1012.0,1020.0,13:00,03:00
2018-03-15,1.7,11.7,6.7,06:00,16:00,0.0,5.0,9.0,N,14:00,48,78,63,15:00,05:00,1013.0,1021.0,13:00,03:00
2018-03-16,1.9,11.9,6.9,06:00,16:00,0.0,5.5,9.5,NE,14:00,49,79,64,15:00,05:00,1014.0,1022.0,13:00,03:00
2018-03-17,2.0,12.0,7.0,06:00,16:00,3.5,6.0,10.0,E,14:00,50,80,65,15:00,05:00,1005.0,1013.0,13:00,03:00
2018-03-18,2.2,12.2,7.2,06:00,16:00,0.0,3.0,7.0,SE,14:00,51,81,66,15:00,05:00,1006.0,1014.0,13:00,03:00
2018-03-19,2.3,12.3,7.3,06:00,16:00,0.0,3.5,7.5,S,14:00,52,82,67,15:00,05:00,1007.0,1015.0,13:00,03:00
2018-03-20,2.5,12.5,7.5,06:00,16:00,0.0,4.0,8.0,SW,14:00,53,83,68,15:00,05:00,1008.0,1016.0,13:00,03:00
2018-03-21,2.6,12.6,7.6,06:00,16:00,0.0,4.5,8.5,W,14:00,54,84,69,15:00,05:00,1009.0,1017.0,13:00,03:00
2018-03-22,2.8,12.8,7.8,06:00,16:00,3.5,5.0,9.0,NW,14:00,55,85,70,15:00,05:00,1010.0,1018.0,13:00,03:00
2018-03-23,2.9,12.9,7.9,06:00,16:00,0.0,5.5,9.5,N,14:00,56,86,71,15:00,05:00,1011.0,1019.0,13:00,03:00
2018-03-24,3.1,13.1,8.1,06:00,16:00,0.0,6.0,10.0,NE,14:00,57,87,72,15:00,05:00,1012.0,1020.0,13:00,03:00
2018-03-25,3.3,13.3,8.3,06:00,16:00,0.0,3.0,7.0,E,14:00,58,88,73,15:00,05:00,1013.0,1021.0,13:00,03:00
2018-03-26,3.4,13.4,8.4,06:00,16:00,0.0,3.5,7.5,SE,14:00,59,89,74,15:00,05:00,1014.0,1022.0,13:00,03:00
2018-03-27,3.6,13.6,8.6,06:00,16:00,3.5,4.0,8.0,S,14:00,40,70,55,15:00,05:00,1005.0,1013.0,13:00,03:00
2018-03-28,3.7,13.7,8.7,06:00,16:00,0.0,4.5,8.5,SW,14:00,41,71,56,15:00,05:00,1006.0,1014.0,13:00,03:00
2018-03-29,3.9,13.9,8.9,06:00,16:00,0.0,5.0,9.0,W,14:00,42,72,57,15:00,05:00,1007.0,1015.0,13:00,03:00
2018-03-30,4.1,14.1,9.1,06:00,16:00,0.0,5.5,9.5,NW,14:00,43,73,58,15:00,05:00,1008.0,1016.0,13:00,03:00
2018-03-31,4.2,14.2,9.2,06:00,16:00,0.0,6.0,10.0,N,14:00,44,74,59,15:00,05:00,1009.0,1017.0,13:00,03:00
2018-04-01,4.4,14.4,9.4,06:00,16:00,3.5,3.0,7.0,NE,14:00,45,75,60,15:00,05:00,1010.0,1018.0,13:00,03:00
2018-04-02,4.6,14.6,9.6,06:00,16:00,0.0,3.5,7.5,E,14:00,46,76,61,15:00,05:00,1011.0,1019.0,13:00,03:00
2018-04-03,4.7,14.7,9.7,06:00,16:00,0.0,4.0,8.0,SE,14:00,47,77,62,15:00,05:00,1012.0,1020.0,13:00,03:00
2018-04-04,4.9,14.9,9.9,06:00,16:00,0.0,4.5,8.5,S,14:00,48,78,63,15:00,05:00,1013.0,1021.0,13:00,03:00
2018-04-05,5.1,15.1,10.1,06:00,16:00,0.0,5.0,9.0,SW,14:00,49,79,64,15:00,05:00,1014.0,1022.0,13:00,03:00
2018-04-06,5.2,15.2,10.2,06:00,16:00,3.5,5.5,9.5,W,14:00,50,80,65,15:00,05:00,1005.0,1013.0,13:00,03:00
2018-04-07,5.4,15.4,10.4,06:00,16:00,0.0,6.0,10.0,NW,14:00,51,81,66,15:00,05:00,1006.0,1014.0,13:00,03:00
2018-04-08,5.6,15.6,10.6,06:00,16:00,0.0,3.0,7.0,N,14:00,52,82,67,15:00,05:00,1007.0,1015.0,13:00,03:00
2018-04-09,5.8,15.8,10.8,06:00,16:00,0.0,3.5,7.5,NE,14:00,53,83,68,15:00,05:00,1008.0,1016.0,13:00,03:00
2018-04-10,5.9,15.9,10.9,06:00,16:00,0.0,4.0,8.0,E,14:00,54,84,69,15:00,05:00,1009.0,1017.0,13:00,03:00
2018-04-11,6.1,16.1,11.1,06:00,16:00,3.5,4.5,8.5,SE,14:00,55,85,70,15:00,05:00,1010.0,1018.0,13:00,03:00
2018-04-12,6.3,16.3,11.3,06:00,16:00,0.0,5.0,9.0,S,14:00,56,86,71,15:00,05:00,1011.0,1019.0,13:00,03:00
2018-04-13,6.4,16.4,11.4,06:00,16:00,0.0,5.5,9.5,SW,14:00,57,87,72,15:00,05:00,1012.0,1020.0,13:00,03:00
2018-04-14,6.6,16.6,11.6,06:00,16:00,0.0,6.0,10.0,W,14:00,58,88,73,15:00,05:00,1013.0,1021.0,13:00,03:00
2018-04-15,6.8,16.8,11.8,06:00,16:00,0.0,3.0,7.0,NW,14:00,59,89,74,15:00,05:00,1014.0,1022.0,13:00,03:00
2018-04-16,7.0,17.0,12.0,06:00,16:00,3.5,3.5,7.5,N,14:00,40,70,55,15:00,05:00,1005.0,1013.0,13:00,03:00
2018-04-17,7.1,17.1,12.1,06:00,16:00,0.0,4.0,8.0,NE,14:00,41,71,56,15:00,05:00,1006.0,1014.0,13:00,03:00
2018-04-18,7.3,17.3,12.3,06:00,16:00,0.0,4.5,8.5,E,14:00,42,72,57,15:00,05:00,1007.0,1015.0,13:00,03:00
2018-04-19,7.5,17.5,12.5,06:00,16:00,0.0,5.0,9.0,SE,14:00,43,73,58,15:00,05:00,1008.0,1016.0,13:00,03:00
2018-04-20,7.6,17.6,12.6,06:00,16:00,0.0,5.5,9.5,S,14:00,44,74,59,15:00,05:00,1009.0,1017.0,13:00,03:00
2018-04-21,7.8,17.8,12.8,06:00,16:00,3.5,6.0,10.0,SW,14:00,45,75,60,15:00,05:00,1010.0,1018.0,13:00,03:00
2018-04-22,8.0,18.0,13.0,06:00,16:00,0.0,3.0,7.0,W,14:00,46,76,61,15:00,05:00,1011.0,1019.0,13:00,03:00
2018-04-23,8.2,18.2,13.2,06:00,16:00,0.0,3.5,7.5,NW,14:00,47,77,62,15:00,05:00,1012.0,1020.0,13:00,03:00
2018-04-24,8.3,18.3,13.3,06:00,16:00,0.0,4.0,8.0,N,14:00,48,78,63,15:00,05:00,1013.0,1021.0,13:00,03:00
2018-04-25,8.5,18.5,13.5,06:00,16:00,0.0,4.5,8.5,NE,14:00,49,79,64,15:00,05:00,1014.0,1022.0,13:00,03:00
2018-04-26,8.7,18.7,13.7,06:00,16:00,3.5,5.0,9.0,E,14:00,50,80,65,15:00,05:00,1005.0,1013.0,13:00,03:00
2018-04-27,8.8,18.8,13.8,06:00,16:00,0.0,5.5,9.5,SE,14:00,51,81,66,15:00,05:00,1006.0,1014.0,13:00,03:00
2018-04-28,9.0,19.0,14.0,06:00,16:00,0.0,6.0,10.0,S,14:00,52,82,67,15:00,05:00,1007.0,1015.0,13:00,03:00
2018-04-29,9.2,19.2,14.2,06:00,16:00,0.0,3.0,7.0,SW,14:00,53,83,68,15:00,05:00,1008.0,1016.0,13:00,03:00
2018-04-30,9.3,19.3,14.3,06:00,16:00,0.0,3.5,7.5,W,14:00,54,84,69,15:00,05:00,1009.0,1017.0,13:00,03:00
2018-05-01,9.5,19.5,14.5,06:00,16:00,3.5,4.0,8.0,NW,14:00,55,85,70,15:00,05:00,1010.0,1018.0,13:00,03:00
2018-05-02,9.7,19.7,14.7,06:00,16:00,0.0,4.5,8.5,N,14:00,56,86,71,15:00,05:00,1011.0,1019.0,13:00,03:00
2018-05-03,9.8,19.8,14.8,06:00,16:00,0.0,5.0,9.0,NE,14:00,57,87,72,15:00,05:00,1012.0,1020.0,13:00,03:00
2018-05-04,10.0,20.0,15.0,06:00,16:00,0.0,5.5,9.5,E,14:00,58,88,73,15:00,05:00,1013.0,1021.0,13:00,03:00
2018-05-05,10.2,20.2,15.2,06:00,16:00,0.0,6.0,10.0,SE,14:00,59,89,74,15:00,05:00,1014.0,1022.0,13:00,03:00
2018-05-06,10.3,20.3,15.3,06:00,16:00,3.5,3.0,7.0,S,14:00,40,70,55,15:00,05:00,1005.0,1013.0,13:00,03:00
2018-05-07,10.5,20.5,15.5,06:00,16:00,0.0,3.5,7.5,SW,14:00,41,71,56,15:00,05:00,1006.0,1014.0,13:00,03:00
2018-05-08,10.7,20.7,15.7,06:00,16:00,0.0,4.0,8.0,W,14:00,42,72,57,15:00,05:00,1007.0,1015.0,13:00,03:00
2018-05-09,10.8,20.8,15.8,06:00,16:00,0.0,4.5,8.5,NW,14:00,43,73,58,15:00,05:00,1008.0,1016.0,13:00,03:00
2018-05-10,11.0,21.0,16.0,06:00,16:00,0.0,5.0,9.0,N,14:00,44,74,59,15:00,05:00,1009.0,1017.0,13:00,03:00
2018-05-11,11.1,21.1,16.1,06:00,16:00,3.5,5.5,9.5,NE,14:00,45,75,60,15:00,05:00,1010.0,1018.0,13:00,03:00
2018-05-12,11.3,21.3,16.3,06:00,16:00,0.0,6.0,10.0,E,14:00,46,76,61,15:00,05:00,1011.0,1019.0,13:00,03:00
2018-05-13,11.4,21.4,16.4,06:00,16:00,0.0,3.0,7.0,SE,14:00,47,77,62,15:00,05:00,1012.0,1020.0,13:00,03:00
2018-05-14,11.6,21.6,16.6,06:00,16:00,0.0,3.5,7.5,S,14:00,48,78,63,15:00,05:00,1013.0,1021.0,13:00,03:00
2018-05-15,11.7,21.7,16.7,06:00,16:00,0.0,4.0,8.0,SW,14:00,49,79,64,15:00,05:00,1014.0,1022.0,13:00,03:00
2018-05-16,11.9,21.9,16.9,06:00,16:00,3.5,4.5,8.5,W,14:00,50,80,65,15:00,05:00,1005.0,1013.0,13:00,03:00
2018-05-17,12.0,22.0,17.0,06:00,16:00,0.0,5.0,9.0,NW,14:00,51,81,66,15:00,05:00,1006.0,1014.0,13:00,03:00
2018-05-18,12.2,22.2,17.2,06:00,16:00,0.0,5.5,9.5,N,14:00,52,82,67,15:00,05:00,1007.0,1015.0,13:00,03:00
2018-05-19,12.3,22.3,17.3,06:00,16:00,0.0,6.0,10.0,NE,14:00,53,83,68,15:00,05:00,1008.0,1016.0,13:00,03:00
2018-05-20,12.5,22.5,17.5,06:00,16:00,0.0,3.0,7.0,E,14:00,54,84,69,15:00,05:00,1009.0,1017.0,13:00,03:00
2018-05-21,12.6,22.6,17.6,06:00,16:00,3.5,3.5,7.5,SE,14:00,55,85,70,15:00,05:00,1010.0,1018.0,13:00,03:00
2018-05-22,12.8,22.8,17.8,06:00,16:00,0.0,4.0,8.0,S,14:00,56,86,71,15:00,05:00,1011.0,1019.0,13:00,03:00
2018-05-23,12.9,22.9,17.9,06:00,16:00,0.0,4.5,8.5,SW,14:00,57,87,72,15:00,05:00,1012.0,1020.0,13:00,03:00
2018-05-24,13.1,23.1,18.1,06:00,16:00,0.0,5.0,9.0,W,14:00,58,88,73,15:00,05:00,1013.0,1021.0,13:00,03:00
2018-05-25,13.2,23.2,18.2,06:00,16:00,0.0,5.5,9.5,NW,14:00,59,89,74,15:00,05:00,1014.0,1022.0,13:00,03:00
2018-05-26,13.3,23.3,18.3,06:00,16:00,3.5,6.0,10.0,N,14:00,40,70,55,15:00,05:00,1005.0,1013.0,13:00,03:00
2018-05-27,13.5,23.5,18.5,06:00,16:00,0.0,3.0,7.0,NE,14:00,41,71,56,15:00,05:00,1006.0,1014.0,13:00,03:00
2018-05-28,13.6,23.6,18.6,06:00,16:00,0.0,3.5,7.5,E,14:00,42,72,57,15:00,05:00,1007.0,1015.0,13:00,03:00
2018-05-29,13.7,23.7,18.7,06:00,16:00,0.0,4.0,8.0,SE,14:00,43,73,58,15:00,05:00,1008.0,1016.0,13:00,03:00
2018-05-30,13.8,23.8,18.8,06:00,16:00,0.0,4.5,8.5,S,14:00,44,74,59,15:00,05:00,1009.0,1017.0,13:00,03:00
2018-05-31,14.0,24.0,19.0,06:00,16:00,3.5,5.0,9.0,SW,14:00,45,75,60,15:00,05:00,1010.0,1018.0,13:00,03:00
2018-06-01,14.1,24.1,19.1,06:00,16:00,0.0,5.5,9.5,W,14:00,46,76,61,15:00,05:00,1011.0,1019.0,13:00,03:00
2018-06-02,14.2,24.2,19.2,06:00,16:00,0.0,6.0,10.0,NW,14:00,47,77,62,15:00,05:00,1012.0,1020.0,13:00,03:00
2018-06-03,14.3,24.3,19.3,06:00,16:00,0.0,3.0,7.0,N,14:00,48,78,63,15:00,05:00,1013.0,1021.0,13:00,03:00
2018-06-04,14.4,24.4,19.4,06:00,16:00,0.0,3.5,7.5,NE,14:00,49,79,64,15:00,05:00,1014.0,1022.0,13:00,03:00
2018-06-05,14.6,24.6,19.6,06:00,16:00,3.5,4.0,8.0,E,14:00,50,80,65,15:00,05:00,1005.0,1013.0,13:00,03:00
2018-06-06,14.7,24.7,19.7,06:00,16:00,0.0,4.5,8.5,SE,14:00,51,81,66,15:00,05:00,1006.0,1014.0,13:00,03:00
2018-06-07,14.8,24.8,19.8,06:00,16:00,0.0,5.0,9.0,S,14:00,52,82,67,15:00,05:00,1007.0,1015.0,13:00,03:00
2018-06-08,14.9,24.9,19.9,06:00,16:00,0.0,5.5,9.5,SW,14:00,53,83,68,15:00,05:00,1008.0,1016.0,13:00,03:00
2018-06-09,15.0,25.0,20.0,06:00,16:00,0.0,6.0,10.0,W,14:00,54,84,69,15:00,05:00,1009.0,1017.0,13:00,03:00
2018-06-10,15.1,25.1,20.1,06:00,16:00,3.5,3.0,7.0,NW,14:00,55,85,70,15:00,05:00,1010.0,1018.0,13:00,03:00
2018-06-11,15.2,25.2,20.2,06:00,16:00,0.0,3.5,7.5,N,14:00,56,86,71,15:00,05:00,1011.0,1019.0,13:00,03:00
2018-06-12,15.3,25.3,20.3,06:00,16:00,0.0,4.0,8.0,NE,14:00,57,87,72,15:00,05:00,1012.0,1020.0,13:00,03:00
2018-06-13,15.4,25.4,20.4,06:00,16:00,0.0,4.5,8.5,E,14:00,58,88,73,15:00,05:00,1013.0,1021.0,13:00,03:00
2018-06-14,15.5,25.5,20.5,06:00,16:00,0.0,5.0,9.0,SE,14:00,59,89,74,15:00,05:00,1014.0,1022.0,13:00,03:00
2018-06-15,15.6,25.6,20.6,06:00,16:00,3.5,5.5,9.5,S,14:00,40,70,55,15:00,05:00,1005.0,1013.0,13:00,03:00
2018-06-16,15.7,25.7,20.7,06:00,16:00,0.0,6.0,10.0,SW,14:00,41,71,56,15:00,05:00,1006.0,1014.0,13:00,03:00
2018-06-17,15.7,25.7,20.7,06:00,16:00,0.0,3.0,7.0,W,14:00,42,72,57,15:00,05:00,1007.0,1015.0,13:00,03:00
2018-06-18,15.8,25.8,20.8,06:00,16:00,0.0,3.5,7.5,NW,14:00,43,73,58,15:00,05:00,1008.0,1016.0,13:00,03:00
2018-06-19,15.9,25.9,20.9,06:00,16:00,0.0,4.0,8.0,N,14:00,44,74,59,15:00,05:00,1009.0,1017.0,13:00,03:00
2018-06-20,16.0,26.0,21.0,06:00,16:00,3.5,4.5,8.5,NE,14:00,45,75,60,15:00,05:00,1010.0,1018.0,13:00,03:00
2018-06-21,16.1,26.1,21.1,06:00,16:00,0.0,5.0,9.0,E,14:00,46,76,61,15:00,05:00,1011.0,1019.0,13:00,03:00
2018-06-22,16.1,26.1,21.1,06:00,16:00,0.0,5.5,9.5,SE,14:00,47,77,62,15:00,05:00,1012.0,1020.0,13:00,03:00
2018-06-23,16.2,26.2,21.2,06:00,16:00,0.0,6.0,10.0,S,14:00,48,78,63,15:00,05:00,1013.0,1021.0,13:00,03:00
2018-06-24,16.3,26.3,21.3,06:00,16:00,0.0,3.0,7.0,SW,14:00,49,79,64,15:00,05:00,1014.0,1022.0,13:00,03:00
2018-06-25,16.3,26.3,21.3,06:00,16:00,3.5,3.5,7.5,W,14:00,50,80,65,15:00,05:00,1005.0,1013.0,13:00,03:00
2018-06-26,16.4,26.4,21.4,06:00,16:00,0.0,4.0,8.0,NW,14:00,51,81,66,15:00,05:00,1006.0,1014.0,13:00,03:00
2018-06-27,16.4,26.4,21.4,06:00,16:00,0.0,4.5,8.5,N,14:00,52,82,67,15:00,05:00,1007.0,1015.0,13:00,03:00
2018-06-28,16.5,26.5,21.5,06:00,16:00,0.0,5.0,9.0,NE,14:00,53,83,68,15:00,05:00,1008.0,1016.0,13:00,03:00
2018-06-29,16.5,26.5,21.5,06:00,16:00,0.0,5.5,9.5,E,14:00,54,84,69,15:00,05:00,1009.0,1017.0,13:00,03:00
2018-06-30,16.6,26.6,21.6,06:00,16:00,3.5,6.0,10.0,SE,14:00,55,85,70,15:00,05:00,1010.0,1018.0,13:00,03:00
2018-07-01,16.6,26.6,21.6,06:00,16:00,0.0,3.0,7.0,S,14:00,56,86,71,15:00,05:00,1011.0,1019.0,13:00,03:00
2018-07-02,16.7,26.7,21.7,06:00,16:00,0.0,3.5,7.5,SW,14:00,57,87,72,15:00,05:00,1012.0,1020.0,13:00,03:00
2018-07-03,16.7,26.7,21.7,06:00,16:00,0.0,4.0,8.0,W,14:00,58,88,73,15:00,05:00,1013.0,1021.0,13:00,03:00
2018-07-04,16.8,26.8,21.8,06:00,16:00,0.0,4.5,8.5,NW,14:00,59,89,74,15:00,05:00,1014.0,1022.0,13:00,03:00
2018-07-05,16.8,26.8,21.8,06:00,16:00,3.5,5.0,9.0,N,14:00,40,70,55,15:00,05:00,1005.0,1013.0,13:00,03:00
2018-07-06,16.8,26.8,21.8,06:00,16:00,0.0,5.5,9.5,NE,14:00,41,71,56,15:00,05:00,1006.0,1014.0,13:00,03:00
2018-07-07,16.9,26.9,21.9,06:00,16:00,0.0,6.0,10.0,E,14:00,42,72,57,15:00,05:00,1007.0,1015.0,13:00,03:00
2018-07-08,16.9,26.9,21.9,06:00,16:00,0.0,3.0,7.0,SE,14:00,43,73,58,15:00,05:00,1008.0,1016.0,13:00,03:00
2018-07-09,16.9,26.9,21.9,06:00,16:00,0.0,3.5,7.5,S,14:00,44,74,59,15:00,05:00,1009.0,1017.0,13:00,03:00
2018-07-10,16.9,26.9,21.9,06:00,16:00,3.5,4.0,8.0,SW,14:00,45,75,60,15:00,05:00,1010.0,1018.0,13:00,03:00
2018-07-11,17.0,27.0,22.0,06:00,16:00,0.0,4.5,8.5,W,14:00,46,76,61,15:00,05:00,1011.0,1019.0,13:00,03:00
2018-07-12,17.0,27.0,22.0,06:00,16:00,0.0,5.0,9.0,NW,14:00,47,77,62,15:00,05:00,1012.0,1020.0,13:00,03:00
2018-07-13,17.0,27.0,22.0,06:00,16:00,0.0,5.5,9.5,N,14:00,48,78,63,15:00,05:00,1013.0,1021.0,13:00,03:00
2018-07-14,17.0,27.0,22.0,06:00,16:00,0.0,6.0,10.0,NE,14:00,49,79,64,15:00,05:00,1014.0,1022.0,13:00,03:00
2018-07-15,17.0,27.0,22.0,06:00,16:00,3.5,3.0,7.0,E,14:00,50,80,65,15:00,05:00,1005.0,1013.0,13:00,03:00
2018-07-16,17.0,27.0,22.0,06:00,16:00,0.0,3.5,7.5,SE,14:00,51,81,66,15:00,05:00,1006.0,1014.0,13:00,03:00
2018-07-17,17.0,27.0,22.0,06:00,16:00,0.0,4.0,8.0,S,14:00,52,82,67,15:00,05:00,1007.0,1015.0,13:00,03:00
2018-07-18,17.0,27.0,22.0,06:00,16:00,0.0,4.5,8.5,SW,14:00,53,83,68,15:00,05:00,1008.0,1016.0,13:00,03:00
2018-07-19,17.0,27.0,22.0,06:00,16:00,0.0,5.0,9.0,W,14:00,54,84,69,15:00,05:00,1009.0,1017.0,13:00,03:00
2018-07-20,17.0,27.0,22.0,06:00,16:00,3.5,5.5,9.5,NW,14:00,55,85,70,15:00,05:00,1010.0,1018.0,13:00,03:00
2018-07-21,17.0,27.0,22.0,06:00,16:00,0.0,6.0,10.0,N,14:00,56,86,71,15:00,05:00,1011.0,1019.0,13:00,03:00
2018-07-22,17.0,27.0,22.0,06:00,16:00,0.0,3.0,7.0,NE,14:00,57,87,72,15:00,05:00,1012.0,1020.0,13:00,03:00
2018-07-23,16.9,26.9,21.9,06:00,16:00,0.0,3.5,7.5,E,14:00,58,88,73,15:00,05:00,1013.0,1021.0,13:00,03:00
2018-07-24,16.9,26.9,21.9,06:00,16:00,0.0,4.0,8.0,SE,14:00,59,89,74,15:00,05:00,1014.0,1022.0,13:00,03:00
2018-07-25,16.9,26.9,21.9,06:00,16:00,3.5,4.5,8.5,S,14:00,40,70,55,15:00,05:00,1005.0,1013.0,13:00,03:00
2018-07-26,16.9,26.9,21.9,06:00,16:00,0.0,5.0,9.0,SW,14:00,41,71,56,15:00,05:00,1006.0,1014.0,13:00,03:00
2018-07-27,16.8,26.8,21.8,06:00,16:00,0.0,5.5,9.5,W,14:00,42,72,57,15:00,05:00,1007.0,1015.0,13:00,03:00
2018-07-28,16.8,26.8,21.8,06:00,16:00,0.0,6.0,10.0,NW,14:00,43,73,58,15:00,05:00,1008.0,1016.0,13:00,03:00
2018-07-29,16.8,26.8,21.8,06:00,16:00,0.0,3.0,7.0,N,14:00,44,74,59,15:00,05:00,1009.0,1017.0,13:00,03:00
2018-07-30,16.7,26.7,21.7,06:00,16:00,3.5,3.5,7.5,NE,14:00,45,75,60,15:00,05:00,1010.0,1018.0,13:00,03:00
2018-07-31,16.7,26.7,21.7,06:00,16:00,0.0,4.0,8.0,E,14:00,46,76,61,15:00,05:00,1011.0,1019.0,13:00,03:00
2018-08-01,16.6,26.6,21.6,06:00,16:00,0.0,4.5,8.5,SE,14:00,47,77,62,15:00,05:00,1012.0,1020.0,13:00,03:00
2018-08-02,16.6,26.6,21.6,06:00,16:00,0.0,5.0,9.0,S,14:00,48,78,63,15:00,05:00,1013.0,1021.0,13:00,03:00
2018-08-03,16.5,26.5,21.5,06:00,16:00,0.0,5.5,9.5,SW,14:00,49,79,64,15:00,05:00,1014.0,1022.0,13:00,03:00
2018-08-04,16.5,26.5,21.5,06:00,16:00,3.5,6.0,10.0,W,14:00,50,80,65,15:00,05:00,1005.0,1013.0,13:00,03:00
2018-08-05,16.4,26.4,21.4,06:00,16:00,0.0,3.0,7.0,NW,14:00,51,81,66,15:00,05:00,1006.0,1014.0,13:00,03:00
2018-08-06,16.4,26.4,21.4,06:00,16:00,0.0,3.5,7.5,N,14:00,52,82,67,15:00,05:00,1007.0,1015.0,13:00,03:00
2018-08-07,16.3,26.3,21.3,06:00,16:00,0.0,4.0,8.0,NE,14:00,53,83,68,15:00,05:00,1008.0,1016.0,13:00,03:00
2018-08-08,16.3,26.3,21.3,06:00,16:00,0.0,4.5,8.5,E,14:00,54,84,69,15:00,05:00,1009.0,1017.0,13:00,03:00
2018-08-09,16.2,26.2,21.2,06:00,16:00,3.5,5.0,9.0,SE,14:00,55,85,70,15:00,05:00,1010.0,1018.0,13:00,03:00
2018-08-10,16.1,26.1,21.1,06:00,16:00,0.0,5.5,9.5,S,14:00,56,86,71,15:00,05:00,1011.0,1019.0,13:00,03:00
2018-08-11,16.1,26.1,21.1,06:00,16:00,0.0,6.0,10.0,SW,14:00,57,87,72,15:00,05:00,1012.0,1020.0,13:00,03:00
2018-08-12,16.0,26.0,21.0,06:00,16:00,0.0,3.0,7.0,W,14:00,58,88,73,15:00,05:00,1013.0,1021.0,13:00,03:00
2018-08-13,15.9,25.9,20.9,06:00,16:00,0.0,3.5,7.5,NW,14:00,59,89,74,15:00,05:00,1014.0,1022.0,13:00,03:00
2018-08-14,15.8,25.8,20.8,06:00,16:00,3.5,4.0,8.0,N,14:00,40,70,55,15:00,05:00,1005.0,1013.0,13:00,03:00
2018-08-15,15.7,25.7,20.7,06:00,16:00,0.0,4.5,8.5,NE,14:00,41,71,56,15:00,05:00,1006.0,1014.0,13:00,03:00
2018-08-16,15.7,25.7,20.7,06:00,16:00,0.0,5.0,9.0,E,14:00,42,72,57,15:00,05:00,1007.0,1015.0,13:00,03:00
2018-08-17,15.6,25.6,20.6,06:00,16:00,0.0,5.5,9.5,SE,14:00,43,73,58,15:00,05:00,1008.0,1016.0,13:00,03:00
2018-08-18,15.5,25.5,20.5,06:00,16:00,0.0,6.0,10.0,S,14:00,44,74,59,15:00,05:00,1009.0,1017.0,13:00,03:00
2018-08-19,15.4,25.4,20.4,06:00,16:00,3.5,3.0,7.0,SW,14:00,45,75,60,15:00,05:00,1010.0,1018.0,13:00,03:00
2018-08-20,15.3,25.3,20.3,06:00,16:00,0.0,3.5,7.5,W,14:00,46,76,61,15:00,05:00,1011.0,1019.0,13:00,03:00
2018-08-21,15.2,25.2,20.2,06:00,16:00,0.0,4.0,8.0,NW,14:00,47,77,62,15:00,05:00,1012.0,1020.0,13:00,03:00
2018-08-22,15.1,25.1,20.1,06:00,16:00,0.0,4.5,8.5,N,14:00,48,78,63,15:00,05:00,1013.0,1021.0,13:00,03:00
2018-08-23,15.0,25.0,20.0,06:00,16:00,0.0,5.0,9.0,NE,14:00,49,79,64,15:00,05:00,1014.0,1022.0,13:00,03:00
2018-08-24,14.9,24.9,19.9,06:00,16:00,3.5,5.5,9.5,E,14:00,50,80,65,15:00,05:00,1005.0,1013.0,13:00,03:00
2018-08-25,14.8,24.8,19.8,06:00,16:00,0.0,6.0,10.0,SE,14:00,51,81,66,15:00,05:00,1006.0,1014.0,13:00,03:00
2018-08-26,14.7,24.7,19.7,06:00,16:00,0.0,3.0,7.0,S,14:00,52,82,67,15:00,05:00,1007.0,1015.0,13:00,03:00
2018-08-27,14.6,24.6,19.6,06:00,16:00,0.0,3.5,7.5,SW,14:00,53,83,68,15:00,05:00,1008.0,1016.0,13:00,03:00
2018-08-28,14.4,24.4,19.4,06:00,16:00,0.0,4.0,8.0,W,14:00,54,84,69,15:00,05:00,1009.0,1017.0,13:00,03:00
2018-08-29,14.3,24.3,19.3,06:00,16:00,3.5,4.5,8.5,NW,14:00,55,85,70,15:00,05:00,1010.0,1018.0,13:00,03:00
2018-08-30,14.2,24.2,19.2,06:00,16:00,0.0,5.0,9.0,N,14:00,56,86,71,15:00,05:00,1011.0,1019.0,13:00,03:00
2018-08-31,14.1,24.1,19.1,06:00,16:00,0.0,5.5,9.5,NE,14:00,57,87,72,15:00,05:00,1012.0,1020.0,13:00,03:00
2018-09-01,14.0,24.0,19.0,06:00,16:00,0.0,6.0,10.0,E,14:00,58,88,73,15:00,05:00,1013.0,1021.0,13:00,03:00
2018-09-02,13.8,23.8,18.8,06:00,16:00,0.0,3.0,7.0,SE,14:00,59,89,74,15:00,05:00,1014.0,1022.0,13:00,03:00
2018-09-03,13.7,23.7,18.7,06:00,16:00,3.5,3.5,7.5,S,14:00,40,70,55,15:00,05:00,1005.0,1013.0,13:00,03:00
2018-09-04,13.6,23.6,18.6,06:00,16:00,0.0,4.0,8.0,SW,14:00,41,71,56,15:00,05:00,1006.0,1014.0,13:00,03:00
2018-09-05,13.5,23.5,18.5,06:00,16:00,0.0,4.5,8.5,W,14:00,42,72,57,15:00,05:00,1007.0,1015.0,13:00,03:00
2018-09-06,13.3,23.3,18.3,06:00,16:00,0.0,5.0,9.0,NW,14:00,43,73,58,15:00,05:00,1008.0,1016.0,13:00,03:00
2018-09-07,13.2,23.2,18.2,06:00,16:00,0.0,5.5,9.5,N,14:00,44,74,59,15:00,05:00,1009.0,1017.0,13:00,03:00
2018-09-08,13.1,23.1,18.1,06:00,16:00,3.5,6.0,10.0,NE,14:00,45,75,60,15:00,05:00,1010.0,1018.0,13:00,03:00
2018-09-09,12.9,22.9,17.9,06:00,16:00,0.0,3.0,7.0,E,14:00,46,76,61,15:00,05:00,1011.0,1019.0,13:00,03:00
2018-09-10,12.8,22.8,17.8,06:00,16:00,0.0,3.5,7.5,SE,14:00,47,77,62,15:00,05:00,1012.0,1020.0,13:00,03:00
2018-09-11,12.6,22.6,17.6,06:00,16:00,0.0,4.0,8.0,S,14:00,48,78,63,15:00,05:00,1013.0,1021.0,13:00,03:00
2018-09-12,12.5,22.5,17.5,06:00,16:00,0.0,4.5,8.5,SW,14:00,49,79,64,15:00,05:00,1014.0,1022.0,13:00,03:00
2018-09-13,12.3,22.3,17.3,06:00,16:00,3.5,5.0,9.0,W,14:00,50,80,65,15:00,05:00,1005.0,1013.0,13:00,03:00
2018-09-14,12.2,22.2,17.2,06:00,16:00,0.0,5.5,9.5,NW,14:00,51,81,66,15:00,05:00,1006.0,1014.0,13:00,03:00
2018-09-15,12.0,22.0,17.0,06:00,16:00,0.0,6.0,10.0,N,14:00,52,82,67,15:00,05:00,1007.0,1015.0,13:00,03:00
2018-09-16,11.9,21.9,16.9,06:00,16:00,0.0,3.0,7.0,NE,14:00,53,83,68,15:00,05:00,1008.0,1016.0,13:00,03:00
2018-09-17,11.7,21.7,16.7,06:00,16:00,0.0,3.5,7.5,E,14:00,54,84,69,15:00,05:00,1009.0,1017.0,13:00,03:00
2018-09-18,11.6,21.6,16.6,06:00,16:00,3.5,4.0,8.0,SE,14:00,55,85,70,15:00,05:00,1010.0,1018.0,13:00,03:00
2018-09-19,11.4,21.4,16.4,06:00,16:00,0.0,4.5,8.5,S,14:00,56,86,71,15:00,05:00,1011.0,1019.0,13:00,03:00
2018-09-20,11.3,21.3,16.3,06:00,16:00,0.0,5.0,9.0,SW,14:00,57,87,72,15:00,05:00,1012.0,1020.0,13:00,03:00
2018-09-21,11.1,21.1,16.1,06:00,16:00,0.0,5.5,9.5,W,14:00,58,88,73,15:00,05:00,1013.0,1021.0,13:00,03:00
2018-09-22,11.0,21.0,16.0,06:00,16:00,0.0,6.0,10.0,NW,14:00,59,89,74,15:00,05:00,1014.0,1022.0,13:00,03:00
2018-09-23,10.8,20.8,15.8,06:00,16:00,3.5,3.0,7.0,N,14:00,40,70,55,15:00,05:00,1005.0,1013.0,13:00,03:00
2018-09-24,10.7,20.7,15.7,06:00,16:00,0.0,3.5,7.5,NE,14:00,41,71,56,15:00,05:00,1006.0,1014.0,13:00,03:00
2018-09-25,10.5,20.5,15.5,06:00,16:00,0.0,4.0,8.0,E,14:00,42,72,57,15:00,05:00,1007.0,1015.0,13:00,03:00
2018-09-26,10.3,20.3,15.3,06:00,16:00,0.0,4.5,8.5,SE,14:00,43,73,58,15:00,05:00,1008.0,1016.0,13:00,03:00
2018-09-27,10.2,20.2,15.2,06:00,16:00,0.0,5.0,9.0,S,14:00,44,74,59,15:00,05:00,1009.0,1017.0,13:00,03:00
2018-09-28,10.0,20.0,15.0,06:00,16:00,3.5,5.5,9.5,SW,14:00,45,75,60,15:00,05:00,1010.0,1018.0,13:00,03:00
2018-09-29,9.8,19.8,14.8,06:00,16:00,0.0,6.0,10.0,W,14:00,46,76,61,15:00,05:00,1011.0,1019.0,13:00,03:00
2018-09-30,9.7,19.7,14.7,06:00,16:00,0.0,3.0,7.0,NW,14:00,47,77,62,15:00,05:00,1012.0,1020.0,13:00,03:00
2018-10-01,9.5,19.5,14.5,06:00,16:00,0.0,3.5,7.5,N,14:00,48,78,63,15:00,05:00,1013.0,1021.0,13:00,03:00
2018-10-02,9.3,19.3,14.3,06:00,16:00,0.0,4.0,8.0,NE,14:00,49,79,64,15:00,05:00,1014.0,1022.0,13:00,03:00
2018-10-03,9.2,19.2,14.2,06:00,16:00,3.5,4.5,8.5,E,14:00,50,80,65,15:00,05:00,1005.0,1013.0,13:00,03:00
2018-10-04,9.0,19.0,14.0,06:00,16:00,0.0,5.0,9.0,SE,14:00,51,81,66,15:00,05:00,1006.0,1014.0,13:00,03:00
2018-10-05,8.8,18.8,13.8,06:00,16:00,0.0,5.5,9.5,S,14:00,52,82,67,15:00,05:00,1007.0,1015.0,13:00,03:00
2018-10-06,8.7,18.7,13.7,06:00,16:00,0.0,6.0,10.0,SW,14:00,53,83,68,15:00,05:00,1008.0,1016.0,13:00,03:00
2018-10-07,8.5,18.5,13.5,06:00,16:00,0.0,3.0,7.0,W,14:00,54,84,69,15:00,05:00,1009.0,1017.0,13:00,03:00
2018-10-08,8.3,18.3,13.3,06:00,16:00,3.5,3.5,7.5,NW,14:00,55,85,70,15:00,05:00,1010.0,1018.0,13:00,03:00
2018-10-09,8.2,18.2,13.2,06:00,16:00,0.0,4.0,8.0,N,14:00,56,86,71,15:00,05:00,1011.0,1019.0,13:00,03:00
2018-10-10,8.0,18.0,13.0,06:00,16:00,0.0,4.5,8.5,NE,14:00,57,87,72,15:00,05:00,1012.0,1020.0,13:00,03:00
2018-10-11,7.8,17.8,12.8,06:00,16:00,0.0,5.0,9.0,E,14:00,58,88,73,15:00,05:00,1013.0,1021.0,13:00,03:00
2018-10-12,7.6,17.6,12.6,06:00,16:00,0.0,5.5,9.5,SE,14:00,59,89,74,15:00,05:00,1014.0,1022.0,13:00,03:00
2018-10-13,7.5,17.5,12.5,06:00,16:00,3.5,6.0,10.0,S,14:00,40,70,55,15:00,05:00,1005.0,1013.0,13:00,03:00
2018-10-14,7.3,17.3,12.3,06:00,16:00,0.0,3.0,7.0,SW,14:00,41,71,56,15:00,05:00,1006.0,1014.0,13:00,03:00
2018-10-15,7.1,17.1,12.1,06:00,16:00,0.0,3.5,7.5,W,14:00,42,72,57,15:00,05:00,1007.0,1015.0,13:00,03:00
2018-10-16,7.0,17.0,12.0,06:00,16:00,0.0,4.0,8.0,NW,14:00,43,73,58,15:00,05:00,1008.0,1016.0,13:00,03:00
2018-10-17,6.8,16.8,11.8,06:00,16:00,0.0,4.5,8.5,N,14:00,44,74,59,15:00,05:00,1009.0,1017.0,13:00,03:00
2018-10-18,6.6,16.6,11.6,06:00,16:00,3.5,5.0,9.0,NE,14:00,45,75,60,15:00,05:00,1010.0,1018.0,13:00,03:00
2018-10-19,6.4,16.4,11.4,06:00,16:00,0.0,5.5,9.5,E,14:00,46,76,61,15:00,05:00,1011.0,1019.0,13:00,03:00
2018-10-20,6.3,16.3,11.3,06:00,16:00,0.0,6.0,10.0,SE,14:00,47,77,62,15:00,05:00,1012.0,1020.0,13:00,03:00
2018-10-21,6.1,16.1,11.1,06:00,16:00,0.0,3.0,7.0,S,14:00,48,78,63,15:00,05:00,1013.0,1021.0,13:00,03:00
2018-10-22,5.9,15.9,10.9,06:00,16:00,0.0,3.5,7.5,SW,14:00,49,79,64,15:00,05:00,1014.0,1022.0,13:00,03:00
2018-10-23,5.8,15.8,10.8,06:00,16:00,3.5,4.0,8.0,W,14:00,50,80,65,15:00,05:00,1005.0,1013.0,13:00,03:00
2018-10-24,5.6,15.6,10.6,06:00,16:00,0.0,4.5,8.5,NW,14:00,51,81,66,15:00,05:00,1006.0,1014.0,13:00,03:00
2018-10-25,5.4,15.4,10.4,06:00,16:00,0.0,5.0,9.0,N,14:00,52,82,67,15:00,05:00,1007.0,1015.0,13:00,03:00
2018-10-26,5.2,15.2,10.2,06:00,16:00,0.0,5.5,9.5,NE,14:00,53,83,68,15:00,05:00,1008.0,1016.0,13:00,03:00
2018-10-27,5.1,15.1,10.1,06:00,16:00,0.0,6.0,10.0,E,14:00,54,84,69,15:00,05:00,1009.0,1017.0,13:00,03:00
2018-10-28,4.9,14.9,9.9,06:00,16:00,3.5,3.0,7.0,SE,14:00,55,85,70,15:00,05:00,1010.0,1018.0,13:00,03:00
2018-10-29,4.7,14.7,9.7,06:00,16:00,0.0,3.5,7.5,S,14:00,56,86,71,15:00,05:00,1011.0,1019.0,13:00,03:00
2018-10-30,4.6,14.6,9.6,06:00,16:00,0.0,4.0,8.0,SW,14:00,57,87,72,15:00,05:00,1012.0,1020.0,13:00,03:00
2018-10-31,4.4,14.4,9.4,06:00,16:00,0.0,4.5,8.5,W,14:00,58,88,73,15:00,05:00,1013.0,1021.0,13:00,03:00
2018-11-01,4.2,14.2,9.2,06:00,16:00,0.0,5.0,9.0,NW,14:00,59,89,74,15:00,05:00,1014.0,1022.0,13:00,03:00
2018-11-02,4.1,14.1,9.1,06:00,16:00,3.5,5.5,9.5,N,14:00,40,70,55,15:00,05:00,1005.0,1013.0,13:00,03:00
2018-11-03,3.9,13.9,8.9,06:00,16:00,0.0,6.0,10.0,NE,14:00,41,71,56,15:00,05:00,1006.0,1014.0,13:00,03:00
2018-11-04,3.7,13.7,8.7,06:00,16:00,0.0,3.0,7.0,E,14:00,42,72,57,15:00,05:00,1007.0,1015.0,13:00,03:00
2018-11-05,3.6,13.6,8.6,06:00,16:00,0.0,3.5,7.5,SE,14:00,43,73,58,15:00,05:00,1008.0,1016.0,13:00,03:00
2018-11-06,3.4,13.4,8.4,06:00,16:00,0.0,4.0,8.0,S,14:00,44,74,59,15:00,05:00,1009.0,1017.0,13:00,03:00
2018-11-07,3.3,13.3,8.3,06:00,16:00,3.5,4.5,8.5,SW,14:00,45,75,60,15:00,05:00,1010.0,1018.0,13:00,03:00
2018-11-08,3.1,13.1,8.1,06:00,16:00,0.0,5.0,9.0,W,14:00,46,76,61,15:00,05:00,1011.0,1019.0,13:00,03:00
2018-11-09,2.9,12.9,7.9,06:00,16:00,0.0,5.5,9.5,NW,14:00,47,77,62,15:00,05:00,1012.0,1020.0,13:00,03:00
2018-11-10,2.8,12.8,7.8,06:00,16:00,0.0,6.0,10.0,N,14:00,48,78,63,15:00,05:00,1013.0,1021.0,13:00,03:00
2018-11-11,2.6,12.6,7.6,06:00,16:00,0.0,3.0,7.0,NE,14:00,49,79,64,15:00,05:00,1014.0,1022.0,13:00,03:00
2018-11-12,2.5,12.5,7.5,06:00,16:00,3.5,3.5,7.5,E,14:00,50,80,65,15:00,05:00,1005.0,1013.0,13:00,03:00
2018-11-13,2.3,12.3,7.3,06:00,16:00,0.0,4.0,8.0,SE,14:00,51,81,66,15:00,05:00,1006.0,1014.0,13:00,03:00
2018-11-14,2.2,12.2,7.2,06:00,16:00,0.0,4.5,8.5,S,14:00,52,82,67,15:00,05:00,1007.0,1015.0,13:00,03:00
2018-11-15,2.0,12.0,7.0,06:00,16:00,0.0,5.0,9.0,SW,14:00,53,83,68,15:00,05:00,1008.0,1016.0,13:00,03:00
2018-11-16,1.9,11.9,6.9,06:00,16:00,0.0,5.5,9.5,W,14:00,54,84,69,15:00,05:00,1009.0,1017.0,13:00,03:00
2018-11-17,1.7,11.7,6.7,06:00,16:00,3.5,6.0,10.0,NW,14:00,55,85,70,15:00,05:00,1010.0,1018.0,13:00,03:00
2018-11-18,1.6,11.6,6.6,06:00,16:00,0.0,3.0,7.0,N,14:00,56,86,71,15:00,05:00,1011.0,1019.0,13:00,03:00
2018-11-19,1.4,11.4,6.4,06:00,16:00,0.0,3.5,7.5,NE,14:00,57,87,72,15:00,05:00,1012.0,1020.0,13:00,03:00
2018-11-20,1.3,11.3,6.3,06:00,16:00,0.0,4.0,8.0,E,14:00,58,88,73,15:00,05:00,1013.0,1021.0,13:00,03:00
2018-11-21,1.2,11.2,6.2,06:00,16:00,0.0,4.5,8.5,SE,14:00,59,89,74,15:00,05:00,1014.0,1022.0,13:00,03:00
2018-11-22,1.0,11.0,6.0,06:00,16:00,3.5,5.0,9.0,S,14:00,40,70,55,15:00,05:00,1005.0,1013.0,13:00,03:00
2018-11-23,0.9,10.9,5.9,06:00,16:00,0.0,5.5,9.5,SW,14:00,41,71,56,15:00,05:00,1006.0,1014.0,13:00,03:00
2018-11-24,0.7,10.7,5.7,06:00,16:00,0.0,6.0,10.0,W,14:00,42,72,57,15:00,05:00,1007.0,1015.0,13:00,03:00
2018-11-25,0.6,10.6,5.6,06:00,16:00,0.0,3.0,7.0,NW,14:00,43,73,58,15:00,05:00,1008.0,1016.0,13:00,03:00
2018-11-26,0.5,10.5,5.5,06:00,16:00,0.0,3.5,7.5,N,14:00,44,74,59,15:00,05:00,1009.0,1017.0,13:00,03:00
2018-11-27,0.4,10.4,5.4,06:00,16:00,3.5,4.0,8.0,NE,14:00,45,75,60,15:00,05:00,1010.0,1018.0,13:00,03:00
2018-11-28,0.2,10.2,5.2,06:00,16:00,0.0,4.5,8.5,E,14:00,46,76,61,15:00,05:00,1011.0,1019.0,13:00,03:00
2018-11-29,0.1,10.1,5.1,06:00,16:00,0.0,5.0,9.0,SE,14:00,47,77,62,15:00,05:00,1012.0,1020.0,13:00,03:00
2018-11-30,0.0,10.0,5.0,06:00,16:00,0.0,5.5,9.5,S,14:00,48,78,63,15:00,05:00,1013.0,1021.0,13:00,03:00
2018-12-01,-0.1,9.9,4.9,06:00,16:00,0.0,6.0,10.0,SW,14:00,49,79,64,15:00,05:00,1014.0,1022.0,13:00,03:00
2018-12-02,-0.3,9.7,4.7,06:00,16:00,3.5,3.0,7.0,W,14:00,50,80,65,15:00,05:00,1005.0,1013.0,13:00,03:00
2018-12-03,-0.4,9.6,4.6,06:00,16:00,0.0,3.5,7.5,NW,14:00,51,81,66,15:00,05:00,1006.0,1014.0,13:00,03:00
2018-12-04,-0.5,9.5,4.5,06:00,16:00,0.0,4.0,8.0,N,14:00,52,82,67,15:00,05:00,1007.0,1015.0,13:00,03:00
2018-12-05,-0.6,9.4,4.4,06:00,16:00,0.0,4.5,8.5,NE,14:00,53,83,68,15:00,05:00,1008.0,1016.0,13:00,03:00
2018-12-06,-0.7,9.3,4.3,06:00,16:00,0.0,5.0,9.0,E,14:00,54,84,69,15:00,05:00,1009.0,1017.0,13:00,03:00
2018-12-07,-0.8,9.2,4.2,06:00,16:00,3.5,5.5,9.5,SE,14:00,55,85,70,15:00,05:00,1010.0,1018.0,13:00,03:00
2018-12-08,-0.9,9.1,4.1,06:00,16:00,0.0,6.0,10.0,S,14:00,56,86,71,15:00,05:00,1011.0,1019.0,13:00,03:00
2018-12-09,-1.0,9.0,4.0,06:00,16:00,0.0,3.0,7.0,SW,14:00,57,87,72,15:00,05:00,1012.0,1020.0,13:00,03:00
2018-12-10,-1.1,8.9,3.9,06:00,16:00,0.0,3.5,7.5,W,14:00,58,88,73,15:00,05:00,1013.0,1021.0,13:00,03:00
2018-12-11,-1.2,8.8,3.8,06:00,16:00,0.0,4.0,8.0,NW,14:00,59,89,74,15:00,05:00,1014.0,1022.0,13:00,03:00
2018-12-12,-1.3,8.7,3.7,06:00,16:00,3.5,4.5,8.5,N,14:00,40,70,55,15:00,05:00,1005.0,1013.0,13:00,03:00
2018-12-13,-1.4,8.6,3.6,06:00,16:00,0.0,5.0,9.0,NE,14:00,41,71,56,15:00,05:00,1006.0,1014.0,13:00,03:00
2018-12-14,-1.5,8.5,3.5,06:00,16:00,0.0,5.5,9.5,E,14:00,42,72,57,15:00,05:00,1007.0,1015.0,13:00,03:00
2018-12-15,-1.6,8.4,3.4,06:00,16:00,0.0,6.0,10.0,SE,14:00,43,73,58,15:00,05:00,1008.0,1016.0,13:00,03:00
2018-12-16,-1.7,8.3,3.3,06:00,16:00,0.0,3.0,7.0,S,14:00,44,74,59,15:00,05:00,1009.0,1017.0,13:00,03:00
2018-12-17,-1.8,8.2,3.2,06:00,16:00,3.5,3.5,7.5,SW,14:00,45,75,60,15:00,05:00,1010.0,1018.0,13:00,03:00
2018-12-18,-1.9,8.1,3.1,06:00,16:00,0.0,4.0,8.0,W,14:00,46,76,61,15:00,05:00,1011.0,1019.0,13:00,03:00
2018-12-19,-1.9,8.1,3.1,06:00,16:00,0.0,4.5,8.5,NW,14:00,47,77,62,15:00,05:00,1012.0,1020.0,13:00,03:00
2018-12-20,-2.0,8.0,3.0,06:00,16:00,0.0,5.0,9.0,N,14:00,48,78,63,15:00,05:00,1013.0,1021.0,13:00,03:00
2018-12-21,-2.1,7.9,2.9,06:00,16:00,0.0,5.5,9.5,NE,14:00,49,79,64,15:00,05:00,1014.0,1022.0,13:00,03:00
2018-12-22,-2.2,7.8,2.8,06:00,16:00,3.5,6.0,10.0,E,14:00,50,80,65,15:00,05:00,1005.0,1013.0,13:00,03:00
2018-12-23,-2.2,7.8,2.8,06:00,16:00,0.0,3.0,7.0,SE,14:00,51,81,66,15:00,05:00,1006.0,1014.0,13:00,03:00
2018-12-24,-2.3,7.7,2.7,06:00,16:00,0.0,3.5,7.5,S,14:00,52,82,67,15:00,05:00,1007.0,1015.0,13:00,03:00
2018-12-25,-2.4,7.6,2.6,06:00,16:00,0.0,4.0,8.0,SW,14:00,53,83,68,15:00,05:00,1008.0,1016.0,13:00,03:00
2018-12-26,-2.4,7.6,2.6,06:00,16:00,0.0,4.5,8.5,W,14:00,54,84,69,15:00,05:00,1009.0,1017.0,13:00,03:00
2018-12-27,-2.5,7.5,2.5,06:00,16:00,3.5,5.0,9.0,NW,14:00,55,85,70,15:00,05:00,1010.0,1018.0,13:00,03:00
2018-12-28,-2.5,7.5,2.5,06:00,16:00,0.0,5.5,9.5,N,14:00,56,86,71,15:00,05:00,1011.0,1019.0,13:00,03:00
2018-12-29,-2.6,7.4,2.4,06:00,16:00,0.0,6.0,10.0,NE,14:00,57,87,72,15:00,05:00,1012.0,1020.0,13:00,03:00
2018-12-30,-2.6,7.4,2.4,06:00,16:00,0.0,3.0,7.0,E,14:00,58,88,73,15:00,05:00,1013.0,1021.0,13:00,03:00
2018-12-31,-2.7,7.3,2.3,06:00,16:00,0.0,3.5,7.5,SE,14:00,59,89,74,15:00,05:00,1014.0,1022.0,13:00,03:00
2019-01-01,-2.7,7.3,2.3,06:00,16:00,3.5,4.0,8.0,S,14:00,40,70,55,15:00,05:00,1005.0,1013.0,13:00,03:00
2019-01-02,-2.8,7.2,2.2,06:00,16:00,0.0,4.5,8.5,SW,14:00,41,71,56,15:00,05:00,1006.0,1014.0,13:00,03:00
2019-01-03,-2.8,7.2,2.2,06:00,16:00,0.0,5.0,9.0,W,14:00,42,72,57,15:00,05:00,1007.0,1015.0,13:00,03:00
2019-01-04,-2.8,7.2,2.2,06:00,16:00,0.0,5.5,9.5,NW,14:00,43,73,58,15:00,05:00,1008.0,1016.0,13:00,03:00
2019-01-05,-2.9,7.1,2.1,06:00,16:00,0.0,6.0,10.0,N,14:00,44,74,59,15:00,05:00,1009.0,1017.0,13:00,03:00
2019-01-06,-2.9,7.1,2.1,06:00,16:00,3.5,3.0,7.0,NE,14:00,45,75,60,15:00,05:00,1010.0,1018.0,13:00,03:00
2019-01-07,-2.9,7.1,2.1,06:00,16:00,0.0,3.5,7.5,E,14:00,46,76,61,15:00,05:00,1011.0,1019.0,13:00,03:00
2019-01-08,-2.9,7.1,2.1,06:00,16:00,0.0,4.0,8.0,SE,14:00,47,77,62,15:00,05:00,1012.0,1020.0,13:00,03:00
2019-01-09,-2.9,7.1,2.1,06:00,16:00,0.0,4.5,8.5,S,14:00,48,78,63,15:00,05:00,1013.0,1021.0,13:00,03:00
2019-01-10,-3.0,7.0,2.0,06:00,16:00,0.0,5.0,9.0,SW,14:00,49,79,64,15:00,05:00,1014.0,1022.0,13:00,03:00
2019-01-11,-3.0,7.0,2.0,06:00,16:00,3.5,5.5,9.5,W,14:00,50,80,65,15:00,05:00,1005.0,1013.0,13:00,03:00
2019-01-12,-3.0,7.0,2.0,06:00,16:00,0.0,6.0,10.0,NW,14:00,51,81,66,15:00,05:00,1006.0,1014.0,13:00,03:00
2019-01-13,-3.0,7.0,2.0,06:00,16:00,0.0,3.0,7.0,N,14:00,52,82,67,15:00,05:00,1007.0,1015.0,13:00,03:00
2019-01-14,-3.0,7.0,2.0,06:00,16:00,0.0,3.5,7.5,NE,14:00,53,83,68,15:00,05:00,1008.0,1016.0,13:00,03:00
2019-01-15,-3.0,7.0,2.0,06:00,16:00,0.0,4.0,8.0,E,14:00,54,84,69,15:00,05:00,1009.0,1017.0,13:00,03:00
2019-01-16,-3.0,7.0,2.0,06:00,16:00,3.5,4.5,8.5,SE,14:00,55,85,70,15:00,05:00,1010.0,1018.0,13:00,03:00
2019-01-17,-3.0,7.0,2.0,06:00,16:00,0.0,5.0,9.0,S,14:00,56,86,71,15:00,05:00,1011.0,1019.0,13:00,03:00
2019-01-18,-3.0,7.0,2.0,06:00,16:00,0.0,5.5,9.5,SW,14:00,57,87,72,15:00,05:00,1012.0,1020.0,13:00,03:00
2019-01-19,-3.0,7.0,2.0,06:00,16:00,0.0,6.0,10.0,W,14:00,58,88,73,15:00,05:00,1013.0,1021.0,13:00,03:00
2019-01-20,-3.0,7.0,2.0,06:00,16:00,0.0,3.0,7.0,NW,14:00,59,89,74,15:00,05:00,1014.0,1022.0,13:00,03:00
2019-01-21,-2.9,7.1,2.1,06:00,16:00,3.5,3.5,7.5,N,14:00,40,70,55,15:00,05:00,1005.0,1013.0,13:00,03:00
2019-01-22,-2.9,7.1,2.1,06:00,16:00,0.0,4.0,8.0,NE,14:00,41,71,56,15:00,05:00,1006.0,1014.0,13:00,03:00
2019-01-23,-2.9,7.1,2.1,06:00,16:00,0.0,4.5,8.5,E,14:00,42,72,57,15:00,05:00,1007.0,1015.0,13:00,03:00
2019-01-24,-2.9,7.1,2.1,06:00,16:00,0.0,5.0,9.0,SE,14:00,43,73,58,15:00,05:00,1008.0,1016.0,13:00,03:00
2019-01-25,-2.9,7.1,2.1,06:00,16:00,0.0,5.5,9.5,S,14:00,44,74,59,15:00,05:00,1009.0,1017.0,13:00,03:00
2019-01-26,-2.8,7.2,2.2,06:00,16:00,3.5,6.0,10.0,SW,14:00,45,75,60,15:00,05:00,1010.0,1018.0,13:00,03:00
2019-01-27,-2.8,7.2,2.2,06:00,16:00,0.0,3.0,7.0,W,14:00,46,76,61,15:00,05:00,1011.0,1019.0,13:00,03:00
2019-01-28,-2.8,7.2,2.2,06:00,16:00,0.0,3.5,7.5,NW,14:00,47,77,62,15:00,05:00,1012.0,1020.0,13:00,03:00
2019-01-29,-2.7,7.3,2.3,06:00,16:00,0.0,4.0,8.0,N,14:00,48,78,63,15:00,05:00,1013.0,1021.0,13:00,03:00
2019-01-30,-2.7,7.3,2.3,06:00,16:00,0.0,4.5,8.5,NE,14:00,49,79,64,15:00,05:00,1014.0,1022.0,13:00,03:00
2019-01-31,-2.6,7.4,2.4,06:00,16:00,3.5,5.0,9.0,E,14:00,50,80,65,15:00,05:00,1005.0,1013.0,13:00,03:00
2019-02-01,-2.6,7.4,2.4,06:00,16:00,0.0,5.5,9.5,SE,14:00,51,81,66,15:00,05:00,1006.0,1014.0,13:00,03:00
2019-02-02,-2.5,7.5,2.5,06:00,16:00,0.0,6.0,10.0,S,14:00,52,82,67,15:00,05:00,1007.0,1015.0,13:00,03:00
2019-02-03,-2.5,7.5,2.5,06:00,16:00,0.0,3.0,7.0,SW,14:00,53,83,68,15:00,05:00,1008.0,1016.0,13:00,03:00
2019-02-04,-2.4,7.6,2.6,06:00,16:00,0.0,3.5,7.5,W,14:00,54,84,69,15:00,05:00,1009.0,1017.0,13:00,03:00
2019-02-05,-2.4,7.6,2.6,06:00,16:00,3.5,4.0,8.0,NW,14:00,55,85,70,15:00,05:00,1010.0,1018.0,13:00,03:00
2019-02-06,-2.3,7.7,2.7,06:00,16:00,0.0,4.5,8.5,N,14:00,56,86,71,15:00,05:00,1011.0,1019.0,13:00,03:00
2019-02-07,-2.2,7.8,2.8,06:00,16:00,0.0,5.0,9.0,NE,14:00,57,87,72,15:00,05:00,1012.0,1020.0,13:00,03:00
2019-02-08,-2.2,7.8,2.8,06:00,16:00,0.0,5.5,9.5,E,14:00,58,88,73,15:00,05:00,1013.0,1021.0,13:00,03:00
2019-02-09,-2.1,7.9,2.9,06:00,16:00,0.0,6.0,10.0,SE,14:00,59,89,74,15:00,05:00,1014.0,1022.0,13:00,03:00
2019-02-10,-2.0,8.0,3.0,06:00,16:00,3.5,3.0,7.0,S,14:00,40,70,55,15:00,05:00,1005.0,1013.0,13:00,03:00
2019-02-11,-1.9,8.1,3.1,06:00,16:00,0.0,3.5,7.5,SW,14:00,41,71,56,15:00,05:00,1006.0,1014.0,13:00,03:00
2019-02-12,-1.9,8.1,3.1,06:00,16:00,0.0,4.0,8.0,W,14:00,42,72,57,15:00,05:00,1007.0,1015.0,13:00,03:00
2019-02-13,-1.8,8.2,3.2,06:00,16:00,0.0,4.5,8.5,NW,14:00,43,73,58,15:00,05:00,1008.0,1016.0,13:00,03:00
2019-02-14,-1.7,8.3,3.3,06:00,16:00,0.0,5.0,9.0,N,14:00,44,74,59,15:00,05:00,1009.0,1017.0,13:00,03:00
2019-02-15,-1.6,8.4,3.4,06:00,16:00,3.5,5.5,9.5,NE,14:00,45,75,60,15:00,05:00,1010.0,1018.0,13:00,03:00
2019-02-16,-1.5,8.5,3.5,06:00,16:00,0.0,6.0,10.0,E,14:00,46,76,61,15:00,05:00,1011.0,1019.0,13:00,03:00
2019-02-17,-1.4,8.6,3.6,06:00,16:00,0.0,3.0,7.0,SE,14:00,47,77,62,15:00,05:00,1012.0,1020.0,13:00,03:00
2019-02-18,-1.3,8.7,3.7,06:00,16:00,0.0,3.5,7.5,S,14:00,48,78,63,15:00,05:00,1013.0,1021.0,13:00,03:00
2019-02-19,-1.2,8.8,3.8,06:00,16:00,0.0,4.0,8.0,SW,14:00,49,79,64,15:00,05:00,1014.0,1022.0,13:00,03:00
2019-02-20,-1.1,8.9,3.9,06:00,16:00,3.5,4.5,8.5,W,14:00,50,80,65,15:00,05:00,1005.0,1013.0,13:00,03:00
2019-02-21,-1.0,9.0,4.0,06:00,16:00,0.0,5.0,9.0,NW,14:00,51,81,66,15:00,05:00,1006.0,1014.0,13:00,03:00
2019-02-22,-0.9,9.1,4.1,06:00,16:00,0.0,5.5,9.5,N,14:00,52,82,67,15:00,05:00,1007.0,1015.0,13:00,03:00
2019-02-23,-0.8,9.2,4.2,06:00,16:00,0.0,6.0,10.0,NE,14:00,53,83,68,15:00,05:00,1008.0,1016.0,13:00,03:00
2019-02-24,-0.7,9.3,4.3,06:00,16:00,0.0,3.0,7.0,E,14:00,54,84,69,15:00,05:00,1009.0,1017.0,13:00,03:00
2019-02-25,-0.6,9.4,4.4,06:00,16:00,3.5,3.5,7.5,SE,14:00,55,85,70,15:00,05:00,1010.0,1018.0,13:00,03:00
2019-02-26,-0.5,9.5,4.5,06:00,16:00,0.0,4.0,8.0,S,14:00,56,86,71,15:00,05:00,1011.0,1019.0,13:00,03:00
2019-02-27,-0.4,9.6,4.6,06:00,16:00,0.0,4.5,8.5,SW,14:00,57,87,72,15:00,05:00,1012.0,1020.0,13:00,03:00
2019-02-28,-0.3,9.7,4.7,06:00,16:00,0.0,5.0,9.0,W,14:00,58,88,73,15:00,05:00,1013.0,1021.0,13:00,03:00
2019-03-01,-0.1,9.9,4.9,06:00,16:00,0.0,5.5,9.5,NW,14:00,59,89,74,15:00,05:00,1014.0,1022.0,13:00,03:00
2019-03-02,0.0,10.0,5.0,06:00,16:00,3.5,6.0,10.0,N,14:00,40,70,55,15:00,05:00,1005.0,1013.0,13:00,03:00
2019-03-03,0.1,10.1,5.1,06:00,16:00,0.0,3.0,7.0,NE,14:00,41,71,56,15:00,05:00,1006.0,1014.0,13:00,03:00
2019-03-04,0.2,10.2,5.2,06:00,16:00,0.0,3.5,7.5,E,14:00,42,72,57,15:00,05:00,1007.0,1015.0,13:00,03:00
2019-03-05,0.4,10.4,5.4,06:00,16:00,0.0,4.0,8.0,SE,14:00,43,73,58,15:00,05:00,1008.0,1016.0,13:00,03:00
2019-03-06,0.5,10.5,5.5,06:00,16:00,0.0,4.5,8.5,S,14:00,44,74,59,15:00,05:00,1009.0,1017.0,13:00,03:00
2019-03-07,0.6,10.6,5.6,06:00,16:00,3.5,5.0,9.0,SW,14:00,45,75,60,15:00,05:00,1010.0,1018.0,13:00,03:00
2019-03-08,0.7,10.7,5.7,06:00,16:00,0.0,5.5,9.5,W,14:00,46,76,61,15:00,05:00,1011.0,1019.0,13:00,03:00
2019-03-09,0.9,10.9,5.9,06:00,16:00,0.0,6.0,10.0,NW,14:00,47,77,62,15:00,05:00,1012.0,1020.0,13:00,03:00
2019-03-10,1.0,11.0,6.0,06:00,16:00,0.0,3.0,7.0,N,14:00,48,78,63,15:00,05:00,1013.0,1021.0,13:00,03:00
2019-03-11,1.2,11.2,6.2,06:00,16:00,0.0,3.5,7.5,NE,14:00,49,79,64,15:00,05:00,1014.0,1022.0,13:00,03:00
2019-03-12,1.3,11.3,6.3,06:00,16:00,3.5,4.0,8.0,E,14:00,50,80,65,15:00,05:00,1005.0,1013.0,13:00,03:00
2019-03-13,1.4,11.4,6.4,06:00,16:00,0.0,4.5,8.5,SE,14:00,51,81,66,15:00,05:00,1006.0,1014.0,13:00,03:00
2019-03-14,1.6,11.6,6.6,06:00,16:00,0.0,5.0,9.0,S,14:00,52,82,67,15:00,05:00,1007.0,1015.0,13:00,03:00
2019-03-15,1.7,11.7,6.7,06:00,16:00,0.0,5.5,9.5,SW,14:00,53,83,68,15:00,05:00,1008.0,1016.0,13:00,03:00
2019-03-16,1.9,11.9,6.9,06:00,16:00,0.0,6.0,10.0,W,14:00,54,84,69,15:00,05:00,1009.0,1017.0,13:00,03:00
2019-03-17,2.0,12.0,7.0,06:00,16:00,3.5,3.0,7.0,NW,14:00,55,85,70,15:00,05:00,1010.0,1018.0,13:00,03:00
2019-03-18,2.2,12.2,7.2,06:00,16:00,0.0,3.5,7.5,N,14:00,56,86,71,15:00,05:00,1011.0,1019.0,13:00,03:00
2019-03-19,2.3,12.3,7.3,06:00,16:00,0.0,4.0,8.0,NE,14:00,57,87,72,15:00,05:00,1012.0,1020.0,13:00,03:00
2019-03-20,2.5,12.5,7.5,06:00,16:00,0.0,4.5,8.5,E,14:00,58,88,73,15:00,05:00,1013.0,1021.0,13:00,03:00
2019-03-21,2.6,12.6,7.6,06:00,16:00,0.0,5.0,9.0,SE,14:00,59,89,74,15:00,05:00,1014.0,1022.0,13:00,03:00
2019-03-22,2.8,12.8,7.8,06:00,16:00,3.5,5.5,9.5,S,14:00,40,70,55,15:00,05:00,1005.0,1013.0,13:00,03:00
2019-03-23,2.9,12.9,7.9,06:00,16:00,0.0,6.0,10.0,SW,14:00,41,71,56,15:00,05:00,1006.0,1014.0,13:00,03:00
2019-03-24,3.1,13.1,8.1,06:00,16:00,0.0,3.0,7.0,W,14:00,42,72,57,15:00,05:00,1007.0,1015.0,13:00,03:00
2019-03-25,3.3,13.3,8.3,06:00,16:00,0.0,3.5,7.5,NW,14:00,43,73,58,15:00,05:00,1008.0,1016.0,13:00,03:00
2019-03-26,3.4,13.4,8.4,06:00,16:00,0.0,4.0,8.0,N,14:00,44,74,59,15:00,05:00,1009.0,1017.0,13:00,03:00
2019-03-27,3.6,13.6,8.6,06:00,16:00,3.5,4.5,8.5,NE,14:00,45,75,60,15:00,05:00,1010.0,1018.0,13:00,03:00
2019-03-28,3.7,13.7,8.7,06:00,16:00,0.0,5.0,9.0,E,14:00,46,76,61,15:00,05:00,1011.0,1019.0,13:00,03:00
2019-03-29,3.9,13.9,8.9,06:00,16:00,0.0,5.5,9.5,SE,14:00,47,77,62,15:00,05:00,1012.0,1020.0,13:00,03:00
2019-03-30,4.1,14.1,9.1,06:00,16:00,0.0,6.0,10.0,S,14:00,48,78,63,15:00,05:00,1013.0,1021.0,13:00,03:00
2019-03-31,4.2,14.2,9.2,06:00,16:00,0.0,3.0,7.0,SW,14:00,49,79,64,15:00,05:00,1014.0,1022.0,13:00,03:00
2019-04-01,4.4,14.4,9.4,06:00,16:00,3.5,3.5,7.5,W,14:00,50,80,65,15:00,05:00,1005.0,1013.0,13:00,03:00
2019-04-02,4.6,14.6,9.6,06:00,16:00,0.0,4.0,8.0,NW,14:00,51,81,66,15:00,05:00,1006.0,1014.0,13:00,03:00
2019-04-03,4.7,14.7,9.7,06:00,16:00,0.0,4.5,8.5,N,14:00,52,82,67,15:00,05:00,1007.0,1015.0,13:00,03:00
2019-04-04,4.9,14.9,9.9,06:00,16:00,0.0,5.0,9.0,NE,14:00,53,83,68,15:00,05:00,1008.0,1016.0,13:00,03:00
2019-04-05,5.1,15.1,10.1,06:00,16:00,0.0,5.5,9.5,E,14:00,54,84,69,15:00,05:00,1009.0,1017.0,13:00,03:00
2019-04-06,5.2,15.2,10.2,06:00,16:00,3.5,6.0,10.0,SE,14:00,55,85,70,15:00,05:00,1010.0,1018.0,13:00,03:00
2019-04-07,5.4,15.4,10.4,06:00,16:00,0.0,3.0,7.0,S,14:00,56,86,71,15:00,05:00,1011.0,1019.0,13:00,03:00
2019-04-08,5.6,15.6,10.6,06:00,16:00,0.0,3.5,7.5,SW,14:00,57,87,72,15:00,05:00,1012.0,1020.0,13:00,03:00
2019-04-09,5.8,15.8,10.8,06:00,16:00,0.0,4.0,8.0,W,14:00,58,88,73,15:00,05:00,1013.0,1021.0,13:00,03:00
2019-04-10,5.9,15.9,10.9,06:00,16:00,0.0,4.5,8.5,NW,14:00,59,89,74,15:00,05:00,1014.0,1022.0,13:00,03:00
2019-04-11,6.1,16.1,11.1,06:00,16:00,3.5,5.0,9.0,N,14:00,40,70,55,15:00,05:00,1005.0,1013.0,13:00,03:00
2019-04-12,6.3,16.3,11.3,06:00,16:00,0.0,5.5,9.5,NE,14:00,41,71,56,15:00,05:00,1006.0,1014.0,13:00,03:00
2019-04-13,6.4,16.4,11.4,06:00,16:00,0.0,6.0,10.0,E,14:00,42,72,57,15:00,05:00,1007.0,1015.0,13:00,03:00
2019-04-14,6.6,16.6,11.6,06:00,16:00,0.0,3.0,7.0,SE,14:00,43,73,58,15:00,05:00,1008.0,1016.0,13:00,03:00
2019-04-15,6.8,16.8,11.8,06:00,16:00,0.0,3.5,7.5,S,14:00,44,74,59,15:00,05:00,1009.0,1017.0,13:00,03:00
2019-04-16,7.0,17.0,12.0,06:00,16:00,3.5,4.0,8.0,SW,14:00,45,75,60,15:00,05:00,1010.0,1018.0,13:00,03:00
2019-04-17,7.1,17.1,12.1,06:00,16:00,0.0,4.5,8.5,W,14:00,46,76,61,15:00,05:00,1011.0,1019.0,13:00,03:00
2019-04-18,7.3,17.3,12.3,06:00,16:00,0.0,5.0,9.0,NW,14:00,47,77,62,15:00,05:00,1012.0,1020.0,13:00,03:00
2019-04-19,7.5,17.5,12.5,06:00,16:00,0.0,5.5,9.5,N,14:00,48,78,63,15:00,05:00,1013.0,1021.0,13:00,03:00
2019-04-20,7.6,17.6,12.6,06:00,16:00,0.0,6.0,10.0,NE,14:00,49,79,64,15:00,05:00,1014.0,1022.0,13:00,03:00
2019-04-21,7.8,17.8,12.8,06:00,16:00,3.5,3.0,7.0,E,14:00,50,80,65,15:00,05:00,1005.0,1013.0,13:00,03:00
2019-04-22,8.0,18.0,13.0,06:00,16:00,0.0,3.5,7.5,SE,14:00,51,81,66,15:00,05:00,1006.0,1014.0,13:00,03:00
2019-04-23,8.2,18.2,13.2,06:00,16:00,0.0,4.0,8.0,S,14:00,52,82,67,15:00,05:00,1007.0,1015.0,13:00,03:00
2019-04-24,8.3,18.3,13.3,06:00,16:00,0.0,4.5,8.5,SW,14:00,53,83,68,15:00,05:00,1008.0,1016.0,13:00,03:00
2019-04-25,8.5,18.5,13.5,06:00,16:00,0.0,5.0,9.0,W,14:00,54,84,69,15:00,05:00,1009.0,1017.0,13:00,03:00
2019-04-26,8.7,18.7,13.7,06:00,16:00,3.5,5.5,9.5,NW,14:00,55,85,70,15:00,05:00,1010.0,1018.0,13:00,03:00
2019-04-27,8.8,18.8,13.8,06:00,16:00,0.0,6.0,10.0,N,14:00,56,86,71,15:00,05:00,1011.0,1019.0,13:00,03:00
2019-04-28,9.0,19.0,14.0,06:00,16:00,0.0,3.0,7.0,NE,14:00,57,87,72,15:00,05:00,1012.0,1020.0,13:00,03:00
2019-04-29,9.2,19.2,14.2,06:00,16:00,0.0,3.5,7.5,E,14:00,58,88,73,15:00,05:00,1013.0,1021.0,13:00,03:00
2019-04-30,9.3,19.3,14.3,06:00,16:00,0.0,4.0,8.0,SE,14:00,59,89,74,15:00,05:00,1014.0,1022.0,13:00,03:00
2019-05-01,9.5,19.5,14.5,06:00,16:00,3.5,4.5,8.5,S,14:00,40,70,55,15:00,05:00,1005.0,1013.0,13:00,03:00
2019-05-02,9.7,19.7,14.7,06:00,16:00,0.0,5.0,9.0,SW,14:00,41,71,56,15:00,05:00,1006.0,1014.0,13:00,03:00
2019-05-03,9.8,19.8,14.8,06:00,16:00,0.0,5.5,9.5,W,14:00,42,72,57,15:00,05:00,1007.0,1015.0,13:00,03:00
2019-05-04,10.0,20.0,15.0,06:00,16:00,0.0,6.0,10.0,NW,14:00,43,73,58,15:00,05:00,1008.0,1016.0,13:00,03:00
2019-05-05,10.2,20.2,15.2,06:00,16:00,0.0,3.0,7.0,N,14:00,44,74,59,15:00,05:00,1009.0,1017.0,13:00,03:00
2019-05-06,10.3,20.3,15.3,06:00,16:00,3.5,3.5,7.5,NE,14:00,45,75,60,15:00,05:00,1010.0,1018.0,13:00,03:00
2019-05-07,10.5,20.5,15.5,06:00,16:00,0.0,4.0,8.0,E,14:00,46,76,61,15:00,05:00,1011.0,1019.0,13:00,03:00
2019-05-08,10.7,20.7,15.7,06:00,16:00,0.0,4.5,8.5,SE,14:00,47,77,62,15:00,05:00,1012.0,1020.0,13:00,03:00
2019-05-09,10.8,20.8,15.8,06:00,16:00,0.0,5.0,9.0,S,14:00,48,78,63,15:00,05:00,1013.0,1021.0,13:00,03:00
2019-05-10,11.0,21.0,16.0,06:00,16:00,0.0,5.5,9.5,SW,14:00,49,79,64,15:00,05:00,1014.0,1022.0,13:00,03:00
2019-05-11,11.1,21.1,16.1,06:00,16:00,3.5,6.0,10.0,W,14:00,50,80,65,15:00,05:00,1005.0,1013.0,13:00,03:00
2019-05-12,11.3,21.3,16.3,06:00,16:00,0.0,3.0,7.0,NW,14:00,51,81,66,15:00,05:00,1006.0,1014.0,13:00,03:00
2019-05-13,11.4,21.4,16.4,06:00,16:00,0.0,3.5,7.5,N,14:00,52,82,67,15:00,05:00,1007.0,1015.0,13:00,03:00
2019-05-14,11.6,21.6,16.6,06:00,16:00,0.0,4.0,8.0,NE,14:00,53,83,68,15:00,05:00,1008.0,1016.0,13:00,03:00
2019-05-15,11.7,21.7,16.7,06:00,16:00,0.0,4.5,8.5,E,14:00,54,84,69,15:00,05:00,1009.0,1017.0,13:00,03:00
2019-05-16,11.9,21.9,16.9,06:00,16:00,3.5,5.0,9.0,SE,14:00,55,85,70,15:00,05:00,1010.0,1018.0,13:00,03:00
2019-05-17,12.0,22.0,17.0,06:00,16:00,0.0,5.5,9.5,S,14:00,56,86,71,15:00,05:00,1011.0,1019.0,13:00,03:00
2019-05-18,12.2,22.2,17.2,06:00,16:00,0.0,6.0,10.0,SW,14:00,57,87,72,15:00,05:00,1012.0,1020.0,13:00,03:00
2019-05-19,12.3,22.3,17.3,06:00,16:00,0.0,3.0,7.0,W,14:00,58,88,73,15:00,05:00,1013.0,1021.0,13:00,03:00
2019-05-20,12.5,22.5,17.5,06:00,16:00,0.0,3.5,7.5,NW,14:00,59,89,74,15:00,05:00,1014.0,1022.0,13:00,03:00
2019-05-21,12.6,22.6,17.6,06:00,16:00,3.5,4.0,8.0,N,14:00,40,70,55,15:00,05:00,1005.0,1013.0,13:00,03:00
2019-05-22,12.8,22.8,17.8,06:00,16:00,0.0,4.5,8.5,NE,14:00,41,71,56,15:00,05:00,1006.0,1014.0,13:00,03:00
2019-05-23,12.9,22.9,17.9,06:00,16:00,0.0,5.0,9.0,E,14:00,42,72,57,15:00,05:00,1007.0,1015.0,13:00,03:00
2019-05-24,13.1,23.1,18.1,06:00,16:00,0.0,5.5,9.5,SE,14:00,43,73,58,15:00,05:00,1008.0,1016.0,13:00,03:00
2019-05-25,13.2,23.2,18.2,06:00,16:00,0.0,6.0,10.0,S,14:00,44,74,59,15:00,05:00,1009.0,1017.0,13:00,03:00
2019-05-26,13.3,23.3,18.3,06:00,16:00,3.5,3.0,7.0,SW,14:00,45,75,60,15:00,05:00,1010.0,1018.0,13:00,03:00
2019-05-27,13.5,23.5,18.5,06:00,16:00,0.0,3.5,7.5,W,14:00,46,76,61,15:00,05:00,1011.0,1019.0,13:00,03:00
2019-05-28,13.6,23.6,18.6,06:00,16:00,0.0,4.0,8.0,NW,14:00,47,77,62,15:00,05:00,1012.0,1020.0,13:00,03:00
2019-05-29,13.7,23.7,18.7,06:00,16:00,0.0,4.5,8.5,N,14:00,48,78,63,15:00,05:00,1013.0,1021.0,13:00,03:00
2019-05-30,13.8,23.8,18.8,06:00,16:00,0.0,5.0,9.0,NE,14:00,49,79,64,15:00,05:00,1014.0,1022.0,13:00,03:00
2019-05-31,14.0,24.0,19.0,06:00,16:00,3.5,5.5,9.5,E,14:00,50,80,65,15:00,05:00,1005.0,1013.0,13:00,03:00
2019-06-01,14.1,24.1,19.1,06:00,16:00,0.0,6.0,10.0,SE,14:00,51,81,66,15:00,05:00,1006.0,1014.0,13:00,03:00
2019-06-02,14.2,24.2,19.2,06:00,16:00,0.0,3.0,7.0,S,14:00,52,82,67,15:00,05:00,1007.0,1015.0,13:00,03:00
2019-06-03,14.3,24.3,19.3,06:00,16:00,0.0,3.5,7.5,SW,14:00,53,83,68,15:00,05:00,1008.0,1016.0,13:00,03:00
2019-06-04,14.4,24.4,19.4,06:00,16:00,0.0,4.0,8.0,W,14:00,54,84,69,15:00,05:00,1009.0,1017.0,13:00,03:00
2019-06-05,14.6,24.6,19.6,06:00,16:00,3.5,4.5,8.5,NW,14:00,55,85,70,15:00,05:00,1010.0,1018.0,13:00,03:00
2019-06-06,14.7,24.7,19.7,06:00,16:00,0.0,5.0,9.0,N,14:00,56,86,71,15:00,05:00,1011.0,1019.0,13:00,03:00
2019-06-07,14.8,24.8,19.8,06:00,16:00,0.0,5.5,9.5,NE,14:00,57,87,72,15:00,05:00,1012.0,1020.0,13:00,03:00
2019-06-08,14.9,24.9,19.9,06:00,16:00,0.0,6.0,10.0,E,14:00,58,88,73,15:00,05:00,1013.0,1021.0,13:00,03:00
2019-06-09,15.0,25.0,20.0,06:00,16:00,0.0,3.0,7.0,SE,14:00,59,89,74,15:00,05:00,1014.0,1022.0,13:00,03:00
2019-06-10,15.1,25.1,20.1,06:00,16:00,3.5,3.5,7.5,S,14:00,40,70,55,15:00,05:00,1005.0,1013.0,13:00,03:00
2019-06-11,15.2,25.2,20.2,06:00,16:00,0.0,4.0,8.0,SW,14:00,41,71,56,15:00,05:00,1006.0,1014.0,13:00,03:00
2019-06-12,15.3,25.3,20.3,06:00,16:00,0.0,4.5,8.5,W,14:00,42,72,57,15:00,05:00,1007.0,1015.0,13:00,03:00
2019-06-13,15.4,25.4,20.4,06:00,16:00,0.0,5.0,9.0,NW,14:00,43,73,58,15:00,05:00,1008.0,1016.0,13:00,03:00
2019-06-14,15.5,25.5,20.5,06:00,16:00,0.0,5.5,9.5,N,14:00,44,74,59,15:00,05:00,1009.0,1017.0,13:00,03:00
2019-06-15,15.6,25.6,20.6,06:00,16:00,3.5,6.0,10.0,NE,14:00,45,75,60,15:00,05:00,1010.0,1018.0,13:00,03:00
2019-06-16,15.7,25.7,20.7,06:00,16:00,0.0,3.0,7.0,E,14:00,46,76,61,15:00,05:00,1011.0,1019.0,13:00,03:00
2019-06-17,15.7,25.7,20.7,06:00,16:00,0.0,3.5,7.5,SE,14:00,47,77,62,15:00,05:00,1012.0,1020.0,13:00,03:00
2019-06-18,15.8,25.8,20.8,06:00,16:00,0.0,4.0,8.0,S,14:00,48,78,63,15:00,05:00,1013.0,1021.0,13:00,03:00
2019-06-19,15.9,25.9,20.9,06:00,16:00,0.0,4.5,8.5,SW,14:00,49,79,64,15:00,05:00,1014.0,1022.0,13:00,03:00
2019-06-20,16.0,26.0,21.0,06:00,16:00,3.5,5.0,9.0,W,14:00,50,80,65,15:00,05:00,1005.0,1013.0,13:00,03:00
2019-06-21,16.1,26.1,21.1,06:00,16:00,0.0,5.5,9.5,NW,14:00,51,81,66,15:00,05:00,1006.0,1014.0,13:00,03:00
2019-06-22,16.1,26.1,21.1,06:00,16:00,0.0,6.0,10.0,N,14:00,52,82,67,15:00,05:00,1007.0,1015.0,13:00,03:00
2019-06-23,16.2,26.2,21.2,06:00,16:00,0.0,3.0,7.0,NE,14:00,53,83,68,15:00,05:00,1008.0,1016.0,13:00,03:00
2019-06-24,16.3,26.3,21.3,06:00,16:00,0.0,3.5,7.5,E,14:00,54,84,69,15:00,05:00,1009.0,1017.0,13:00,03:00
2019-06-25,16.3,26.3,21.3,06:00,16:00,3.5,4.0,8.0,SE,14:00,55,85,70,15:00,05:00,1010.0,1018.0,13:00,03:00
2019-06-26,16.4,26.4,21.4,06:00,16:00,0.0,4.5,8.5,S,14:00,56,86,71,15:00,05:00,1011.0,1019.0,13:00,03:00
2019-06-27,16.4,26.4,21.4,06:00,16:00,0.0,5.0,9.0,SW,14:00,57,87,72,15:00,05:00,1012.0,1020.0,13:00,03:00
2019-06-28,16.5,26.5,21.5,06:00,16:00,0.0,5.5,9.5,W,14:00,58,88,73,15:00,05:00,1013.0,1021.0,13:00,03:00
2019-06-29,16.5,26.5,21.5,06:00,16:00,0.0,6.0,10.0,NW,14:00,59,89,74,15:00,05:00,1014.0,1022.0,13:00,03:00
2019-06-30,16.6,26.6,21.6,06:00,16:00,3.5,3.0,7.0,N,14:00,40,70,55,15:00,05:00,1005.0,1013.0,13:00,03:00
2019-07-01,16.6,26.6,21.6,06:00,16:00,0.0,3.5,7.5,NE,14:00,41,71,56,15:00,05:00,1006.0,1014.0,13:00,03:00
2019-07-02,16.7,26.7,21.7,06:00,16:00,0.0,4.0,8.0,E,14:00,42,72,57,15:00,05:00,1007.0,1015.0,13:00,03:00
2019-07-03,16.7,26.7,21.7,06:00,16:00,0.0,4.5,8.5,SE,14:00,43,73,58,15:00,05:00,1008.0,1016.0,13:00,03:00
2019-07-04,16.8,26.8,21.8,06:00,16:00,0.0,5.0,9.0,S,14:00,44,74,59,15:00,05:00,1009.0,1017.0,13:00,03:00
2019-07-05,16.8,26.8,21.8,06:00,16:00,3.5,5.5,9.5,SW,14:00,45,75,60,15:00,05:00,1010.0,1018.0,13:00,03:00
2019-07-06,16.8,26.8,21.8,06:00,16:00,0.0,6.0,10.0,W,14:00,46,76,61,15:00,05:00,1011.0,1019.0,13:00,03:00
2019-07-07,16.9,26.9,21.9,06:00,16:00,0.0,3.0,7.0,NW,14:00,47,77,62,15:00,05:00,1012.0,1020.0,13:00,03:00
2019-07-08,16.9,26.9,21.9,06:00,16:00,0.0,3.5,7.5,N,14:00,48,78,63,15:00,05:00,1013.0,1021.0,13:00,03:00
2019-07-09,16.9,26.9,21.9,06:00,16:00,0.0,4.0,8.0,NE,14:00,49,79,64,15:00,05:00,1014.0,1022.0,13:00,03:00
2019-07-10,16.9,26.9,21.9,06:00,16:00,3.5,4.5,8.5,E,14:00,50,80,65,15:00,05:00,1005.0,1013.0,13:00,03:00
2019-07-11,17.0,27.0,22.0,06:00,16:00,0.0,5.0,9.0,SE,14:00,51,81,66,15:00,05:00,1006.0,1014.0,13:00,03:00
2019-07-12,17.0,27.0,22.0,06:00,16:00,0.0,5.5,9.5,S,14:00,52,82,67,15:00,05:00,1007.0,1015.0,13:00,03:00
2019-07-13,17.0,27.0,22.0,06:00,16:00,0.0,6.0,10.0,SW,14:00,53,83,68,15:00,05:00,1008.0,1016.0,13:00,03:00
2019-07-14,17.0,27.0,22.0,06:00,16:00,0.0,3.0,7.0,W,14:00,54,84,69,15:00,05:00,1009.0,1017.0,13:00,03:00
2019-07-15,17.0,27.0,22.0,06:00,16:00,3.5,3.5,7.5,NW,14:00,55,85,70,15:00,05:00,1010.0,1018.0,13:00,03:00
2019-07-16,17.0,27.0,22.0,06:00,16:00,0.0,4.0,8.0,N,14:00,56,86,71,15:00,05:00,1011.0,1019.0,13:00,03:00
2019-07-17,17.0,27.0,22.0,06:00,16:00,0.0,4.5,8.5,NE,14:00,57,87,72,15:00,05:00,1012.0,1020.0,13:00,03:00
2019-07-18,17.0,27.0,22.0,06:00,16:00,0.0,5.0,9.0,E,14:00,58,88,73,15:00,05:00,1013.0,1021.0,13:00,03:00
2019-07-19,17.0,27.0,22.0,06:00,16:00,0.0,5.5,9.5,SE,14:00,59,89,74,15:00,05:00,1014.0,1022.0,13:00,03:00
2019-07-20,17.0,27.0,22.0,06:00,16:00,3.5,6.0,10.0,S,14:00,40,70,55,15:00,05:00,1005.0,1013.0,13:00,03:00
2019-07-21,17.0,27.0,22.0,06:00,16:00,0.0,3.0,7.0,SW,14:00,41,71,56,15:00,05:00,1006.0,1014.0,13:00,03:00
2019-07-22,17.0,27.0,22.0,06:00,16:00,0.0,3.5,7.5,W,14:00,42,72,57,15:00,05:00,1007.0,1015.0,13:00,03:00
2019-07-23,16.9,26.9,21.9,06:00,16:00,0.0,4.0,8.0,NW,14:00,43,73,58,15:00,05:00,1008.0,1016.0,13:00,03:00
2019-07-24,16.9,26.9,21.9,06:00,16:00,0.0,4.5,8.5,N,14:00,44,74,59,15:00,05:00,1009.0,1017.0,13:00,03:00
2019-07-25,16.9,26.9,21.9,06:00,16:00,3.5,5.0,9.0,NE,14:00,45,75,60,15:00,05:00,1010.0,1018.0,13:00,03:00
2019-07-26,16.9,26.9,21.9,06:00,16:00,0.0,5.5,9.5,E,14:00,46,76,61,15:00,05:00,1011.0,1019.0,13:00,03:00
2019-07-27,16.8,26.8,21.8,06:00,16:00,0.0,6.0,10.0,SE,14:00,47,77,62,15:00,05:00,1012.0,1020.0,13:00,03:00
2019-07-28,16.8,26.8,21.8,06:00,16:00,0.0,3.0,7.0,S,14:00,48,78,63,15:00,05:00,1013.0,1021.0,13:00,03:00
2019-07-29,16.8,26.8,21.8,06:00,16:00,0.0,3.5,7.5,SW,14:00,49,79,64,15:00,05:00,1014.0,1022.0,13:00,03:00
2019-07-30,16.7,26.7,21.7,06:00,16:00,3.5,4.0,8.0,W,14:00,50,80,65,15:00,05:00,1005.0,1013.0,13:00,03:00
2019-07-31,16.7,26.7,21.7,06:00,16:00,0.0,4.5,8.5,NW,14:00,51,81,66,15:00,05:00,1006.0,1014.0,13:00,03:00
2019-08-01,16.6,26.6,21.6,06:00,16:00,0.0,5.0,9.0,N,14:00,52,82,67,15:00,05:00,1007.0,1015.0,13:00,03:00
2019-08-02,16.6,26.6,21.6,06:00,16:00,0.0,5.5,9.5,NE,14:00,53,83,68,15:00,05:00,1008.0,1016.0,13:00,03:00
2019-08-03,16.5,26.5,21.5,06:00,16:00,0.0,6.0,10.0,E,14:00,54,84,69,15:00,05:00,1009.0,1017.0,13:00,03:00
2019-08-04,16.5,26.5,21.5,06:00,16:00,3.5,3.0,7.0,SE,14:00,55,85,70,15:00,05:00,1010.0,1018.0,13:00,03:00
2019-08-05,16.4,26.4,21.4,06:00,16:00,0.0,3.5,7.5,S,14:00,56,86,71,15:00,05:00,1011.0,1019.0,13:00,03:00
2019-08-06,16.4,26.4,21.4,06:00,16:00,0.0,4.0,8.0,SW,14:00,57,87,72,15:00,05:00,1012.0,1020.0,13:00,03:00
2019-08-07,16.3,26.3,21.3,06:00,16:00,0.0,4.5,8.5,W,14:00,58,88,73,15:00,05:00,1013.0,1021.0,13:00,03:00
2019-08-08,16.3,26.3,21.3,06:00,16:00,0.0,5.0,9.0,NW,14:00,59,89,74,15:00,05:00,1014.0,1022.0,13:00,03:00
2019-08-09,16.2,26.2,21.2,06:00,16:00,3.5,5.5,9.5,N,14:00,40,70,55,15:00,05:00,1005.0,1013.0,13:00,03:00
2019-08-10,16.1,26.1,21.1,06:00,16:00,0.0,6.0,10.0,NE,14:00,41,71,56,15:00,05:00,1006.0,1014.0,13:00,03:00
2019-08-11,16.1,26.1,21.1,06:00,16:00,0.0,3.0,7.0,E,14:00,42,72,57,15:00,05:00,1007.0,1015.0,13:00,03:00
2019-08-12,16.0,26.0,21.0,06:00,16:00,0.0,3.5,7.5,SE,14:00,43,73,58,15:00,05:00,1008.0,1016.0,13:00,03:00
2019-08-13,15.9,25.9,20.9,06:00,16:00,0.0,4.0,8.0,S,14:00,44,74,59,15:00,05:00,1009.0,1017.0,13:00,03:00
2019-08-14,15.8,25.8,20.8,06:00,16:00,3.5,4.5,8.5,SW,14:00,45,75,60,15:00,05:00,1010.0,1018.0,13:00,03:00
2019-08-15,15.7,25.7,20.7,06:00,16:00,0.0,5.0,9.0,W,14:00,46,76,61,15:00,05:00,1011.0,1019.0,13:00,03:00
2019-08-16,15.7,25.7,20.7,06:00,16:00,0.0,5.5,9.5,NW,14:00,47,77,62,15:00,05:00,1012.0,1020.0,13:00,03:00
2019-08-17,15.6,25.6,20.6,06:00,16:00,0.0,6.0,10.0,N,14:00,48,78,63,15:00,05:00,1013.0,1021.0,13:00,03:00
2019-08-18,15.5,25.5,20.5,06:00,16:00,0.0,3.0,7.0,NE,14:00,49,79,64,15:00,05:00,1014.0,1022.0,13:00,03:00
2019-08-19,15.4,25.4,20.4,06:00,16:00,3.5,3.5,7.5,E,14:00,50,80,65,15:00,05:00,1005.0,1013.0,13:00,03:00
2019-08-20,15.3,25.3,20.3,06:00,16:00,0.0,4.0,8.0,SE,14:00,51,81,66,15:00,05:00,1006.0,1014.0,13:00,03:00
2019-08-21,15.2,25.2,20.2,06:00,16:00,0.0,4.5,8.5,S,14:00,52,82,67,15:00,05:00,1007.0,1015.0,13:00,03:00
2019-08-22,15.1,25.1,20.1,06:00,16:00,0.0,5.0,9.0,SW,14:00,53,83,68,15:00,05:00,1008.0,1016.0,13:00,03:00
2019-08-23,15.0,25.0,20.0,06:00,16:00,0.0,5.5,9.5,W,14:00,54,84,69,15:00,05:00,1009.0,1017.0,13:00,03:00
2019-08-24,14.9,24.9,19.9,06:00,16:00,3.5,6.0,10.0,NW,14:00,55,85,70,15:00,05:00,1010.0,1018.0,13:00,03:00
2019-08-25,14.8,24.8,19.8,06:00,16:00,0.0,3.0,7.0,N,14:00,56,86,71,15:00,05:00,1011.0,1019.0,13:00,03:00
2019-08-26,14.7,24.7,19.7,06:00,16:00,0.0,3.5,7.5,NE,14:00,57,87,72,15:00,05:00,1012.0,1020.0,13:00,03:00
2019-08-27,14.6,24.6,19.6,06:00,16:00,0.0,4.0,8.0,E,14:00,58,88,73,15:00,05:00,1013.0,1021.0,13:00,03:00
2019-08-28,14.4,24.4,19.4,06:00,16:00,0.0,4.5,8.5,SE,14:00,59,89,74,15:00,05:00,1014.0,1022.0,13:00,03:00
2019-08-29,14.3,24.3,19.3,06:00,16:00,3.5,5.0,9.0,S,14:00,40,70,55,15:00,05:00,1005.0,1013.0,13:00,03:00
2019-08-30,14.2,24.2,19.2,06:00,16:00,0.0,5.5,9.5,SW,14:00,41,71,56,15:00,05:00,1006.0,1014.0,13:00,03:00
2019-08-31,14.1,24.1,19.1,06:00,16:00,0.0,6.0,10.0,W,14:00,42,72,57,15:00,05:00,1007.0,1015.0,13:00,03:00
2019-09-01,14.0,24.0,19.0,06:00,16:00,0.0,3.0,7.0,NW,14:00,43,73,58,15:00,05:00,1008.0,1016.0,13:00,03:00
2019-09-02,13.8,23.8,18.8,06:00,16:00,0.0,3.5,7.5,N,14:00,44,74,59,15:00,05:00,1009.0,1017.0,13:00,03:00
2019-09-03,13.7,23.7,18.7,06:00,16:00,3.5,4.0,8.0,NE,14:00,45,75,60,15:00,05:00,1010.0,1018.0,13:00,03:00
2019-09-04,13.6,23.6,18.6,06:00,16:00,0.0,4.5,8.5,E,14:00,46,76,61,15:00,05:00,1011.0,1019.0,13:00,03:00
2019-09-05,13.5,23.5,18.5,06:00,16:00,0.0,5.0,9.0,SE,14:00,47,77,62,15:00,05:00,1012.0,1020.0,13:00,03:00
2019-09-06,13.3,23.3,18.3,06:00,16:00,0.0,5.5,9.5,S,14:00,48,78,63,15:00,05:00,1013.0,1021.0,13:00,03:00
2019-09-07,13.2,23.2,18.2,06:00,16:00,0.0,6.0,10.0,SW,14:00,49,79,64,15:00,05:00,1014.0,1022.0,13:00,03:00
2019-09-08,13.1,23.1,18.1,06:00,16:00,3.5,3.0,7.0,W,14:00,50,80,65,15:00,05:00,1005.0,1013.0,13:00,03:00
2019-09-09,12.9,22.9,17.9,06:00,16:00,0.0,3.5,7.5,NW,14:00,51,81,66,15:00,05:00,1006.0,1014.0,13:00,03:00
2019-09-10,12.8,22.8,17.8,06:00,16:00,0.0,4.0,8.0,N,14:00,52,82,67,15:00,05:00,1007.0,1015.0,13:00,03:00
2019-09-11,12.6,22.6,17.6,06:00,16:00,0.0,4.5,8.5,NE,14:00,53,83,68,15:00,05:00,1008.0,1016.0,13:00,03:00
2019-09-12,12.5,22.5,17.5,06:00,16:00,0.0,5.0,9.0,E,14:00,54,84,69,15:00,05:00,1009.0,1017.0,13:00,03:00
2019-09-13,12.3,22.3,17.3,06:00,16:00,3.5,5.5,9.5,SE,14:00,55,85,70,15:00,05:00,1010.0,1018.0,13:00,03:00
2019-09-14,12.2,22.2,17.2,06:00,16:00,0.0,6.0,10.0,S,14:00,56,86,71,15:00,05:00,1011.0,1019.0,13:00,03:00
2019-09-15,12.0,22.0,17.0,06:00,16:00,0.0,3.0,7.0,SW,14:00,57,87,72,15:00,05:00,1012.0,1020.0,13:00,03:00
2019-09-16,11.9,21.9,16.9,06:00,16:00,0.0,3.5,7.5,W,14:00,58,88,73,15:00,05:00,1013.0,1021.0,13:00,03:00
2019-09-17,11.7,21.7,16.7,06:00,16:00,0.0,4.0,8.0,NW,14:00,59,89,74,15:00,05:00,1014.0,1022.0,13:00,03:00
2019-09-18,11.6,21.6,16.6,06:00,16:00,3.5,4.5,8.5,N,14:00,40,70,55,15:00,05:00,1005.0,1013.0,13:00,03:00
2019-09-19,11.4,21.4,16.4,06:00,16:00,0.0,5.0,9.0,NE,14:00,41,71,56,15:00,05:00,1006.0,1014.0,13:00,03:00
2019-09-20,11.3,21.3,16.3,06:00,16:00,0.0,5.5,9.5,E,14:00,42,72,57,15:00,05:00,1007.0,1015.0,13:00,03:00
2019-09-21,11.1,21.1,16.1,06:00,16:00,0.0,6.0,10.0,SE,14:00,43,73,58,15:00,05:00,1008.0,1016.0,13:00,03:00
2019-09-22,11.0,21.0,16.0,06:00,16:00,0.0,3.0,7.0,S,14:00,44,74,59,15:00,05:00,1009.0,1017.0,13:00,03:00
2019-09-23,10.8,20.8,15.8,06:00,16:00,3.5,3.5,7.5,SW,14:00,45,75,60,15:00,05:00,1010.0,1018.0,13:00,03:00
2019-09-24,10.7,20.7,15.7,06:00,16:00,0.0,4.0,8.0,W,14:00,46,76,61,15:00,05:00,1011.0,1019.0,13:00,03:00
2019-09-25,10.5,20.5,15.5,06:00,16:00,0.0,4.5,8.5,NW,14:00,47,77,62,15:00,05:00,1012.0,1020.0,13:00,03:00
2019-09-26,10.3,20.3,15.3,06:00,16:00,0.0,5.0,9.0,N,14:00,48,78,63,15:00,05:00,1013.0,1021.0,13:00,03:00
2019-09-27,10.2,20.2,15.2,06:00,16:00,0.0,5.5,9.5,NE,14:00,49,79,64,15:00,05:00,1014.0,1022.0,13:00,03:00
2019-09-28,10.0,20.0,15.0,06:00,16:00,3.5,6.0,10.0,E,14:00,50,80,65,15:00,05:00,1005.0,1013.0,13:00,03:00
2019-09-29,9.8,19.8,14.8,06:00,16:00,0.0,3.0,7.0,SE,14:00,51,81,66,15:00,05:00,1006.0,1014.0,13:00,03:00
2019-09-30,9.7,19.7,14.7,06:00,16:00,0.0,3.5,7.5,S,14:00,52,82,67,15:00,05:00,1007.0,1015.0,13:00,03:00
2019-10-01,9.5,19.5,14.5,06:00,16:00,0.0,4.0,8.0,SW,14:00,53,83,68,15:00,05:00,1008.0,1016.0,13:00,03:00
2019-10-02,9.3,19.3,14.3,06:00,16:00,0.0,4.5,8.5,W,14:00,54,84,69,15:00,05:00,1009.0,1017.0,13:00,03:00
2019-10-03,9.2,19.2,14.2,06:00,16:00,3.5,5.0,9.0,NW,14:00,55,85,70,15:00,05:00,1010.0,1018.0,13:00,03:00
2019-10-04,9.0,19.0,14.0,06:00,16:00,0.0,5.5,9.5,N,14:00,56,86,71,15:00,05:00,1011.0,1019.0,13:00,03:00
2019-10-05,8.8,18.8,13.8,06:00,16:00,0.0,6.0,10.0,NE,14:00,57,87,72,15:00,05:00,1012.0,1020.0,13:00,03:00
2019-10-06,8.7,18.7,13.7,06:00,16:00,0.0,3.0,7.0,E,14:00,58,88,73,15:00,05:00,1013.0,1021.0,13:00,03:00
2019-10-07,8.5,18.5,13.5,06:00,16:00,0.0,3.5,7.5,SE,14:00,59,89,74,15:00,05:00,1014.0,1022.0,13:00,03:00
2019-10-08,8.3,18.3,13.3,06:00,16:00,3.5,4.0,8.0,S,14:00,40,70,55,15:00,05:00,1005.0,1013.0,13:00,03:00
2019-10-09,8.2,18.2,13.2,06:00,16:00,0.0,4.5,8.5,SW,14:00,41,71,56,15:00,05:00,1006.0,1014.0,13:00,03:00
2019-10-10,8.0,18.0,13.0,06:00,16:00,0.0,5.0,9.0,W,14:00,42,72,57,15:00,05:00,1007.0,1015.0,13:00,03:00
2019-10-11,7.8,17.8,12.8,06:00,16:00,0.0,5.5,9.5,NW,14:00,43,73,58,15:00,05:00,1008.0,1016.0,13:00,03:00
2019-10-12,7.6,17.6,12.6,06:00,16:00,0.0,6.0,10.0,N,14:00,44,74,59,15:00,05:00,1009.0,1017.0,13:00,03:00
2019-10-13,7.5,17.5,12.5,06:00,16:00,3.5,3.0,7.0,NE,14:00,45,75,60,15:00,05:00,1010.0,1018.0,13:00,03:00
2019-10-14,7.3,17.3,12.3,06:00,16:00,0.0,3.5,7.5,E,14:00,46,76,61,15:00,05:00,1011.0,1019.0,13:00,03:00
2019-10-15,7.1,17.1,12.1,06:00,16:00,0.0,4.0,8.0,SE,14:00,47,77,62,15:00,05:00,1012.0,1020.0,13:00,03:00
2019-10-16,7.0,17.0,12.0,06:00,16:00,0.0,4.5,8.5,S,14:00,48,78,63,15:00,05:00,1013.0,1021.0,13:00,03:00
2019-10-17,6.8,16.8,11.8,06:00,16:00,0.0,5.0,9.0,SW,14:00,49,79,64,15:00,05:00,1014.0,1022.0,13:00,03:00
2019-10-18,6.6,16.6,11.6,06:00,16:00,3.5,5.5,9.5,W,14:00,50,80,65,15:00,05:00,1005.0,1013.0,13:00,03:00
2019-10-19,6.4,16.4,11.4,06:00,16:00,0.0,6.0,10.0,NW,14:00,51,81,66,15:00,05:00,1006.0,1014.0,13:00,03:00
2019-10-20,6.3,16.3,11.3,06:00,16:00,0.0,3.0,7.0,N,14:00,52,82,67,15:00,05:00,1007.0,1015.0,13:00,03:00
2019-10-21,6.1,16.1,11.1,06:00,16:00,0.0,3.5,7.5,NE,14:00,53,83,68,15:00,05:00,1008.0,1016.0,13:00,03:00
2019-10-22,5.9,15.9,10.9,06:00,16:00,0.0,4.0,8.0,E,14:00,54,84,69,15:00,05:00,1009.0,1017.0,13:00,03:00
2019-10-23,5.8,15.8,10.8,06:00,16:00,3.5,4.5,8.5,SE,14:00,55,85,70,15:00,05:00,1010.0,1018.0,13:00,03:00
2019-10-24,5.6,15.6,10.6,06:00,16:00,0.0,5.0,9.0,S,14:00,56,86,71,15:00,05:00,1011.0,1019.0,13:00,03:00
2019-10-25,5.4,15.4,10.4,06:00,16:00,0.0,5.5,9.5,SW,14:00,57,87,72,15:00,05:00,1012.0,1020.0,13:00,03:00
2019-10-26,5.2,15.2,10.2,06:00,16:00,0.0,6.0,10.0,W,14:00,58,88,73,15:00,05:00,1013.0,1021.0,13:00,03:00
2019-10-27,5.1,15.1,10.1,06:00,16:00,0.0,3.0,7.0,NW,14:00,59,89,74,15:00,05:00,1014.0,1022.0,13:00,03:00
2019-10-28,4.9,14.9,9.9,06:00,16:00,3.5,3.5,7.5,N,14:00,40,70,55,15:00,05:00,1005.0,1013.0,13:00,03:00
2019-10-29,4.7,14.7,9.7,06:00,16:00,0.0,4.0,8.0,NE,14:00,41,71,56,15:00,05:00,1006.0,1014.0,13:00,03:00
2019-10-30,4.6,14.6,9.6,06:00,16:00,0.0,4.5,8.5,E,14:00,42,72,57,15:00,05:00,1007.0,1015.0,13:00,03:00
2019-10-31,4.4,14.4,9.4,06:00,16:00,0.0,5.0,9.0,SE,14:00,43,73,58,15:00,05:00,1008.0,1016.0,13:00,03:00
2019-11-01,4.2,14.2,9.2,06:00,16:00,0.0,5.5,9.5,S,14:00,44,74,59,15:00,05:00,1009.0,1017.0,13:00,03:00
2019-11-02,4.1,14.1,9.1,06:00,16:00,3.5,6.0,10.0,SW,14:00,45,75,60,15:00,05:00,1010.0,1018.0,13:00,03:00
2019-11-03,3.9,13.9,8.9,06:00,16:00,0.0,3.0,7.0,W,14:00,46,76,61,15:00,05:00,1011.0,1019.0,13:00,03:00
2019-11-04,3.7,13.7,8.7,06:00,16:00,0.0,3.5,7.5,NW,14:00,47,77,62,15:00,05:00,1012.0,1020.0,13:00,03:00
2019-11-05,3.6,13.6,8.6,06:00,16:00,0.0,4.0,8.0,N,14:00,48,78,63,15:00,05:00,1013.0,1021.0,13:00,03:00
2019-11-06,3.4,13.4,8.4,06:00,16:00,0.0,4.5,8.5,NE,14:00,49,79,64,15:00,05:00,1014.0,1022.0,13:00,03:00
2019-11-07,3.3,13.3,8.3,06:00,16:00,3.5,5.0,9.0,E,14:00,50,80,65,15:00,05:00,1005.0,1013.0,13:00,03:00
2019-11-08,3.1,13.1,8.1,06:00,16:00,0.0,5.5,9.5,SE,14:00,51,81,66,15:00,05:00,1006.0,1014.0,13:00,03:00
2019-11-09,2.9,12.9,7.9,06:00,16:00,0.0,6.0,10.0,S,14:00,52,82,67,15:00,05:00,1007.0,1015.0,13:00,03:00
2019-11-10,2.8,12.8,7.8,06:00,16:00,0.0,3.0,7.0,SW,14:00,53,83,68,15:00,05:00,1008.0,1016.0,13:00,03:00
2019-11-11,2.6,12.6,7.6,06:00,16:00,0.0,3.5,7.5,W,14:00,54,84,69,15:00,05:00,1009.0,1017.0,13:00,03:00
2019-11-12,2.5,12.5,7.5,06:00,16:00,3.5,4.0,8.0,NW,14:00,55,85,70,15:00,05:00,1010.0,1018.0,13:00,03:00
2019-11-13,2.3,12.3,7.3,06:00,16:00,0.0,4.5,8.5,N,14:00,56,86,71,15:00,05:00,1011.0,1019.0,13:00,03:00
2019-11-14,2.2,12.2,7.2,06:00,16:00,0.0,5.0,9.0,NE,14:00,57,87,72,15:00,05:00,1012.0,1020.0,13:00,03:00
2019-11-15,2.0,12.0,7.0,06:00,16:00,0.0,5.5,9.5,E,14:00,58,88,73,15:00,05:00,1013.0,1021.0,13:00,03:00
2019-11-16,1.9,11.9,6.9,06:00,16:00,0.0,6.0,10.0,SE,14:00,59,89,74,15:00,05:00,1014.0,1022.0,13:00,03:00
2019-11-17,1.7,11.7,6.7,06:00,16:00,3.5,3.0,7.0,S,14:00,40,70,55,15:00,05:00,1005.0,1013.0,13:00,03:00
2019-11-18,1.6,11.6,6.6,06:00,16:00,0.0,3.5,7.5,SW,14:00,41,71,56,15:00,05:00,1006.0,1014.0,13:00,03:00
2019-11-19,1.4,11.4,6.4,06:00,16:00,0.0,4.0,8.0,W,14:00,42,72,57,15:00,05:00,1007.0,1015.0,13:00,03:00
2019-11-20,1.3,11.3,6.3,06:00,16:00,0.0,4.5,8.5,NW,14:00,43,73,58,15:00,05:00,1008.0,1016.0,13:00,03:00
2019-11-21,1.2,11.2,6.2,06:00,16:00,0.0,5.0,9.0,N,14:00,44,74,59,15:00,05:00,1009.0,1017.0,13:00,03:00
2019-11-22,1.0,11.0,6.0,06:00,16:00,3.5,5.5,9.5,NE,14:00,45,75,60,15:00,05:00,1010.0,1018.0,13:00,03:00
2019-11-23,0.9,10.9,5.9,06:00,16:00,0.0,6.0,10.0,E,14:00,46,76,61,15:00,05:00,1011.0,1019.0,13:00,03:00
2019-11-24,0.7,10.7,5.7,06:00,16:00,0.0,3.0,7.0,SE,14:00,47,77,62,15:00,05:00,1012.0,1020.0,13:00,03:00
2019-11-25,0.6,10.6,5.6,06:00,16:00,0.0,3.5,7.5,S,14:00,48,78,63,15:00,05:00,1013.0,1021.0,13:00,03:00
2019-11-26,0.5,10.5,5.5,06:00,16:00,0.0,4.0,8.0,SW,14:00,49,79,64,15:00,05:00,1014.0,1022.0,13:00,03:00
2019-11-27,0.4,10.4,5.4,06:00,16:00,3.5,4.5,8.5,W,14:00,50,80,65,15:00,05:00,1005.0,1013.0,13:00,03:00
2019-11-28,0.2,10.2,5.2,06:00,16:00,0.0,5.0,9.0,NW,14:00,51,81,66,15:00,05:00,1006.0,1014.0,13:00,03:00
2019-11-29,0.1,10.1,5.1,06:00,16:00,0.0,5.5,9.5,N,14:00,52,82,67,15:00,05:00,1007.0,1015.0,13:00,03:00
2019-11-30,0.0,10.0,5.0,06:00,16:00,0.0,6.0,10.0,NE,14:00,53,83,68,15:00,05:00,1008.0,1016.0,13:00,03:00
2019-12-01,-0.1,9.9,4.9,06:00,16:00,0.0,3.0,7.0,E,14:00,54,84,69,15:00,05:00,1009.0,1017.0,13:00,03:00
2019-12-02,-0.3,9.7,4.7,06:00,16:00,3.5,3.5,7.5,SE,14:00,55,85,70,15:00,05:00,1010.0,1018.0,13:00,03:00
2019-12-03,-0.4,9.6,4.6,06:00,16:00,0.0,4.0,8.0,S,14:00,56,86,71,15:00,05:00,1011.0,1019.0,13:00,03:00
2019-12-04,-0.5,9.5,4.5,06:00,16:00,0.0,4.5,8.5,SW,14:00,57,87,72,15:00,05:00,1012.0,1020.0,13:00,03:00
2019-12-05,-0.6,9.4,4.4,06:00,16:00,0.0,5.0,9.0,W,14:00,58,88,73,15:00,05:00,1013.0,1021.0,13:00,03:00
2019-12-06,-0.7,9.3,4.3,06:00,16:00,0.0,5.5,9.5,NW,14:00,59,89,74,15:00,05:00,1014.0,1022.0,13:00,03:00
2019-12-07,-0.8,9.2,4.2,06:00,16:00,3.5,6.0,10.0,N,14:00,40,70,55,15:00,05:00,1005.0,1013.0,13:00,03:00
2019-12-08,-0.9,9.1,4.1,06:00,16:00,0.0,3.0,7.0,NE,14:00,41,71,56,15:00,05:00,1006.0,1014.0,13:00,03:00
2019-12-09,-1.0,9.0,4.0,06:00,16:00,0.0,3.5,7.5,E,14:00,42,72,57,15:00,05:00,1007.0,1015.0,13:00,03:00
2019-12-10,-1.1,8.9,3.9,06:00,16:00,0.0,4.0,8.0,SE,14:00,43,73,58,15:00,05:00,1008.0,1016.0,13:00,03:00
2019-12-11,-1.2,8.8,3.8,06:00,16:00,0.0,4.5,8.5,S,14:00,44,74,59,15:00,05:00,1009.0,1017.0,13:00,03:00
2019-12-12,-1.3,8.7,3.7,06:00,16:00,3.5,5.0,9.0,SW,14:00,45,75,60,15:00,05:00,1010.0,1018.0,13:00,03:00
2019-12-13,-1.4,8.6,3.6,06:00,16:00,0.0,5.5,9.5,W,14:00,46,76,61,15:00,05:00,1011.0,1019.0,13:00,03:00
2019-12-14,-1.5,8.5,3.5,06:00,16:00,0.0,6.0,10.0,NW,14:00,47,77,62,15:00,05:00,1012.0,1020.0,13:00,03:00
2019-12-15,-1.6,8.4,3.4,06:00,16:00,0.0,3.0,7.0,N,14:00,48,78,63,15:00,05:00,1013.0,1021.0,13:00,03:00
2019-12-16,-1.7,8.3,3.3,06:00,16:00,0.0,3.5,7.5,NE,14:00,49,79,64,15:00,05:00,1014.0,1022.0,13:00,03:00
2019-12-17,-1.8,8.2,3.2,06:00,16:00,3.5,4.0,8.0,E,14:00,50,80,65,15:00,05:00,1005.0,1013.0,13:00,03:00
2019-12-18,-1.9,8.1,3.1,06:00,16:00,0.0,4.5,8.5,SE,14:00,51,81,66,15:00,05:00,1006.0,1014.0,13:00,03:00
2019-12-19,-1.9,8.1,3.1,06:00,16:00,0.0,5.0,9.0,S,14:00,52,82,67,15:00,05:00,1007.0,1015.0,13:00,03:00
2019-12-20,-2.0,8.0,3.0,06:00,16:00,0.0,5.5,9.5,SW,14:00,53,83,68,15:00,05:00,1008.0,1016.0,13:00,03:00
2019-12-21,-2.1,7.9,2.9,06:00,16:00,0.0,6.0,10.0,W,14:00,54,84,69,15:00,05:00,1009.0,1017.0,13:00,03:00
2019-12-22,-2.2,7.8,2.8,06:00,16:00,3.5,3.0,7.0,NW,14:00,55,85,70,15:00,05:00,1010.0,1018.0,13:00,03:00
2019-12-23,-2.2,7.8,2.8,06:00,16:00,0.0,3.5,7.5,N,14:00,56,86,71,15:00,05:00,1011.0,1019.0,13:00,03:00
2019-12-24,-2.3,7.7,2.7,06:00,16:00,0.0,4.0,8.0,NE,14:00,57,87,72,15:00,05:00,1012.0,1020.0,13:00,03:00
2019-12-25,-2.4,7.6,2.6,06:00,16:00,0.0,4.5,8.5,E,14:00,58,88,73,15:00,05:00,1013.0,1021.0,13:00,03:00
2019-12-26,-2.4,7.6,2.6,06:00,16:00,0.0,5.0,9.0,SE,14:00,59,89,74,15:00,05:00,1014.0,1022.0,13:00,03:00
2019-12-27,-2.5,7.5,2.5,06:00,16:00,3.5,5.5,9.5,S,14:00,40,70,55,15:00,05:00,1005.0,1013.0,13:00,03:00
2019-12-28,-2.5,7.5,2.5,06:00,16:00,0.0,6.0,10.0,SW,14:00,41,71,56,15:00,05:00,1006.0,1014.0,13:00,03:00
2019-12-29,-2.6,7.4,2.4,06:00,16:00,0.0,3.0,7.0,W,14:00,42,72,57,15:00,05:00,1007.0,1015.0,13:00,03:00
2019-12-30,-2.6,7.4,2.4,06:00,16:00,0.0,3.5,7.5,NW,14:00,43,73,58,15:00,05:00,1008.0,1016.0,13:00,03:00
2019-12-31,-2.7,7.3,2.3,06:00,16:00,0.0,4.0,8.0,N,14:00,44,74,59,15:00,05:00,1009.0,1017.0,13:00,03:00
2020-01-01,-2.7,7.3,2.3,06:00,16:00,3.5,4.5,8.5,NE,14:00,45,75,60,15:00,05:00,1010.0,1018.0,13:00,03:00
2020-01-02,-2.8,7.2,2.2,06:00,16:00,0.0,5.0,9.0,E,14:00,46,76,61,15:00,05:00,1011.0,1019.0,13:00,03:00
2020-01-03,-2.8,7.2,2.2,06:00,16:00,0.0,5.5,9.5,SE,14:00,47,77,62,15:00,05:00,1012.0,1020.0,13:00,03:00
2020-01-04,-2.8,7.2,2.2,06:00,16:00,0.0,6.0,10.0,S,14:00,48,78,63,15:00,05:00,1013.0,1021.0,13:00,03:00
2020-01-05,-2.9,7.1,2.1,06:00,16:00,0.0,3.0,7.0,SW,14:00,49,79,64,15:00,05:00,1014.0,1022.0,13:00,03:00
2020-01-06,-2.9,7.1,2.1,06:00,16:00,3.5,3.5,7.5,W,14:00,50,80,65,15:00,05:00,1005.0,1013.0,13:00,03:00
2020-01-07,-2.9,7.1,2.1,06:00,16:00,0.0,4.0,8.0,NW,14:00,51,81,66,15:00,05:00,1006.0,1014.0,13:00,03:00
2020-01-08,-2.9,7.1,2.1,06:00,16:00,0.0,4.5,8.5,N,14:00,52,82,67,15:00,05:00,1007.0,1015.0,13:00,03:00
2020-01-09,-2.9,7.1,2.1,06:00,16:00,0.0,5.0,9.0,NE,14:00,53,83,68,15:00,05:00,1008.0,1016.0,13:00,03:00
2020-01-10,-3.0,7.0,2.0,06:00,16:00,0.0,5.5,9.5,E,14:00,54,84,69,15:00,05:00,1009.0,1017.0,13:00,03:00
2020-01-11,-3.0,7.0,2.0,06:00,16:00,3.5,6.0,10.0,SE,14:00,55,85,70,15:00,05:00,1010.0,1018.0,13:00,03:00
2020-01-12,-3.0,7.0,2.0,06:00,16:00,0.0,3.0,7.0,S,14:00,56,86,71,15:00,05:00,1011.0,1019.0,13:00,03:00
2020-01-13,-3.0,7.0,2.0,06:00,16:00,0.0,3.5,7.5,SW,14:00,57,87,72,15:00,05:00,1012.0,1020.0,13:00,03:00
2020-01-14,-3.0,7.0,2.0,06:00,16:00,0.0,4.0,8.0,W,14:00,58,88,73,15:00,05:00,1013.0,1021.0,13:00,03:00
2020-01-15,-3.0,7.0,2.0,06:00,16:00,0.0,4.5,8.5,NW,14:00,59,89,74,15:00,05:00,1014.0,1022.0,13:00,03:00
2020-01-16,-3.0,7.0,2.0,06:00,16:00,3.5,5.0,9.0,N,14:00,40,70,55,15:00,05:00,1005.0,1013.0,13:00,03:00
2020-01-17,-3.0,7.0,2.0,06:00,16:00,0.0,5.5,9.5,NE,14:00,41,71,56,15:00,05:00,1006.0,1014.0,13:00,03:00
2020-01-18,-3.0,7.0,2.0,06:00,16:00,0.0,6.0,10.0,E,14:00,42,72,57,15:00,05:00,1007.0,1015.0,13:00,03:00
2020-01-19,-3.0,7.0,2.0,06:00,16:00,0.0,3.0,7.0,SE,14:00,43,73,58,15:00,05:00,1008.0,1016.0,13:00,03:00
2020-01-20,-3.0,7.0,2.0,06:00,16:00,0.0,3.5,7.5,S,14:00,44,74,59,15:00,05:00,1009.0,1017.0,13:00,03:00
2020-01-21,-2.9,7.1,2.1,06:00,16:00,3.5,4.0,8.0,SW,14:00,45,75,60,15:00,05:00,1010.0,1018.0,13:00,03:00
2020-01-22,-2.9,7.1,2.1,06:00,16:00,0.0,4.5,8.5,W,14:00,46,76,61,15:00,05:00,1011.0,1019.0,13:00,03:00
2020-01-23,-2.9,7.1,2.1,06:00,16:00,0.0,5.0,9.0,NW,14:00,47,77,62,15:00,05:00,1012.0,1020.0,13:00,03:00
2020-01-24,-2.9,7.1,2.1,06:00,16:00,0.0,5.5,9.5,N,14:00,48,78,63,15:00,05:00,1013.0,1021.0,13:00,03:00
2020-01-25,-2.9,7.1,2.1,06:00,16:00,0.0,6.0,10.0,NE,14:00,49,79,64,15:00,05:00,1014.0,1022.0,13:00,03:00
2020-01-26,-2.8,7.2,2.2,06:00,16:00,3.5,3.0,7.0,E,14:00,50,80,65,15:00,05:00,1005.0,1013.0,13:00,03:00
2020-01-27,-2.8,7.2,2.2,06:00,16:00,0.0,3.5,7.5,SE,14:00,51,81,66,15:00,05:00,1006.0,1014.0,13:00,03:00
2020-01-28,-2.8,7.2,2.2,06:00,16:00,0.0,4.0,8.0,S,14:00,52,82,67,15:00,05:00,1007.0,1015.0,13:00,03:00
2020-01-29,-2.7,7.3,2.3,06:00,16:00,0.0,4.5,8.5,SW,14:00,53,83,68,15:00,05:00,1008.0,1016.0,13:00,03:00
2020-01-30,-2.7,7.3,2.3,06:00,16:00,0.0,5.0,9.0,W,14:00,54,84,69,15:00,05:00,1009.0,1017.0,13:00,03:00
2020-01-31,-2.6,7.4,2.4,06:00,16:00,3.5,5.5,9.5,NW,14:00,55,85,70,15:00,05:00,1010.0,1018.0,13:00,03:00
2020-02-01,-2.6,7.4,2.4,06:00,16:00,0.0,6.0,10.0,N,14:00,56,86,71,15:00,05:00,1011.0,1019.0,13:00,03:00
2020-02-02,-2.5,7.5,2.5,06:00,16:00,0.0,3.0,7.0,NE,14:00,57,87,72,15:00,05:00,1012.0,1020.0,13:00,03:00
2020-02-03,-2.5,7.5,2.5,06:00,16:00,0.0,3.5,7.5,E,14:00,58,88,73,15:00,05:00,1013.0,1021.0,13:00,03:00
2020-02-04,-2.4,7.6,2.6,06:00,16:00,0.0,4.0,8.0,SE,14:00,59,89,74,15:00,05:00,1014.0,1022.0,13:00,03:00
2020-02-05,-2.4,7.6,2.6,06:00,16:00,3.5,4.5,8.5,S,14:00,40,70,55,15:00,05:00,1005.0,1013.0,13:00,03:00
2020-02-06,-2.3,7.7,2.7,06:00,16:00,0.0,5.0,9.0,SW,14:00,41,71,56,15:00,05:00,1006.0,1014.0,13:00,03:00
2020-02-07,-2.2,7.8,2.8,06:00,16:00,0.0,5.5,9.5,W,14:00,42,72,57,15:00,05:00,1007.0,1015.0,13:00,03:00
2020-02-08,-2.2,7.8,2.8,06:00,16:00,0.0,6.0,10.0,NW,14:00,43,73,58,15:00,05:00,1008.0,1016.0,13:00,03:00
2020-02-09,-2.1,7.9,2.9,06:00,16:00,0.0,3.0,7.0,N,14:00,44,74,59,15:00,05:00,1009.0,1017.0,13:00,03:00
2020-02-10,-2.0,8.0,3.0,06:00,16:00,3.5,3.5,7.5,NE,14:00,45,75,60,15:00,05:00,1010.0,1018.0,13:00,03:00
2020-02-11,-1.9,8.1,3.1,06:00,16:00,0.0,4.0,8.0,E,14:00,46,76,61,15:00,05:00,1011.0,1019.0,13:00,03:00
2020-02-12,-1.9,8.1,3.1,06:00,16:00,0.0,4.5,8.5,SE,14:00,47,77,62,15:00,05:00,1012.0,1020.0,13:00,03:00
2020-02-13,-1.8,8.2,3.2,06:00,16:00,0.0,5.0,9.0,S,14:00,48,78,63,15:00,05:00,1013.0,1021.0,13:00,03:00
2020-02-14,-1.7,8.3,3.3,06:00,16:00,0.0,5.5,9.5,SW,14:00,49,79,64,15:00,05:00,1014.0,1022.0,13:00,03:00
2020-02-15,-1.6,8.4,3.4,06:00,16:00,3.5,6.0,10.0,W,14:00,50,80,65,15:00,05:00,1005.0,1013.0,13:00,03:00
2020-02-16,-1.5,8.5,3.5,06:00,16:00,0.0,3.0,7.0,NW,14:00,51,81,66,15:00,05:00,1006.0,1014.0,13:00,03:00
2020-02-17,-1.4,8.6,3.6,06:00,16:00,0.0,3.5,7.5,N,14:00,52,82,67,15:00,05:00,1007.0,1015.0,13:00,03:00
2020-02-18,-1.3,8.7,3.7,06:00,16:00,0.0,4.0,8.0,NE,14:00,53,83,68,15:00,05:00,1008.0,1016.0,13:00,03:00
2020-02-19,-1.2,8.8,3.8,06:00,16:00,0.0,4.5,8.5,E,14:00,54,84,69,15:00,05:00,1009.0,1017.0,13:00,03:00
2020-02-20,-1.1,8.9,3.9,06:00,16:00,3.5,5.0,9.0,SE,14:00,55,85,70,15:00,05:00,1010.0,1018.0,13:00,03:00
2020-02-21,-1.0,9.0,4.0,06:00,16:00,0.0,5.5,9.5,S,14:00,56,86,71,15:00,05:00,1011.0,1019.0,13:00,03:00
2020-02-22,-0.9,9.1,4.1,06:00,16:00,0.0,6.0,10.0,SW,14:00,57,87,72,15:00,05:00,1012.0,1020.0,13:00,03:00
2020-02-23,-0.8,9.2,4.2,06:00,16:00,0.0,3.0,7.0,W,14:00,58,88,73,15:00,05:00,1013.0,1021.0,13:00,03:00
2020-02-24,-0.7,9.3,4.3,06:00,16:00,0.0,3.5,7.5,NW,14:00,59,89,74,15:00,05:00,1014.0,1022.0,13:00,03:00
2020-02-25,-0.6,9.4,4.4,06:00,16:00,3.5,4.0,8.0,N,14:00,40,70,55,15:00,05:00,1005.0,1013.0,13:00,03:00
2020-02-26,-0.5,9.5,4.5,06:00,16:00,0.0,4.5,8.5,NE,14:00,41,71,56,15:00,05:00,1006.0,1014.0,13:00,03:00
2020-02-27,-0.4,9.6,4.6,06:00,16:00,0.0,5.0,9.0,E,14:00,42,72,57,15:00,05:00,1007.0,1015.0,13:00,03:00
2020-02-28,-0.3,9.7,4.7,06:00,16:00,0.0,5.5,9.5,SE,14:00,43,73,58,15:00,05:00,1008.0,1016.0,13:00,03:00
2020-02-29,-0.1,9.9,4.9,06:00,16:00,0.0,6.0,10.0,S,14:00,44,74,59,15:00,05:00,1009.0,1017.0,13:00,03:00
2020-03-01,0.0,10.0,5.0,06:00,16:00,3.5,3.0,7.0,SW,14:00,45,75,60,15:00,05:00,1010.0,1018.0,13:00,03:00
2020-03-02,0.1,10.1,5.1,06:00,16:00,0.0,3.5,7.5,W,14:00,46,76,61,15:00,05:00,1011.0,1019.0,13:00,03:00
2020-03-03,0.2,10.2,5.2,06:00,16:00,0.0,4.0,8.0,NW,14:00,47,77,62,15:00,05:00,1012.0,1020.0,13:00,03:00
2020-03-04,0.4,10.4,5.4,06:00,16:00,0.0,4.5,8.5,N,14:00,48,78,63,15:00,05:00,1013.0,1021.0,13:00,03:00
2020-03-05,0.5,10.5,5.5,06:00,16:00,0.0,5.0,9.0,NE,14:00,49,79,64,15:00,05:00,1014.0,1022.0,13:00,03:00
2020-03-06,0.6,10.6,5.6,06:00,16:00,3.5,5.5,9.5,E,14:00,50,80,65,15:00,05:00,1005.0,1013.0,13:00,03:00
2020-03-07,0.7,10.7,5.7,06:00,16:00,0.0,6.0,10.0,SE,14:00,51,81,66,15:00,05:00,1006.0,1014.0,13:00,03:00
2020-03-08,0.9,10.9,5.9,06:00,16:00,0.0,3.0,7.0,S,14:00,52,82,67,15:00,05:00,1007.0,1015.0,13:00,03:00
2020-03-09,1.0,11.0,6.0,06:00,16:00,0.0,3.5,7.5,SW,14:00,53,83,68,15:00,05:00,1008.0,1016.0,13:00,03:00
2020-03-10,1.2,11.2,6.2,06:00,16:00,0.0,4.0,8.0,W,14:00,54,84,69,15:00,05:00,1009.0,1017.0,13:00,03:00
2020-03-11,1.3,11.3,6.3,06:00,16:00,3.5,4.5,8.5,NW,14:00,55,85,70,15:00,05:00,1010.0,1018.0,13:00,03:00
2020-03-12,1.4,11.4,6.4,06:00,16:00,0.0,5.0,9.0,N,14:00,56,86,71,15:00,05:00,1011.0,1019.0,13:00,03:00
2020-03-13,1.6,11.6,6.6,06:00,16:00,0.0,5.5,9.5,NE,14:00,57,87,72,15:00,05:00,1012.0,1020.0,13:00,03:00
2020-03-14,1.7,11.7,6.7,06:00,16:00,0.0,6.0,10.0,E,14:00,58,88,73,15:00,05:00,1013.0,1021.0,13:00,03:00
2020-03-15,1.9,11.9,6.9,06:00,16:00,0.0,3.0,7.0,SE,14:00,59,89,74,15:00,05:00,1014.0,1022.0,13:00,03:00
2020-03-16,2.0,12.0,7.0,06:00,16:00,3.5,3.5,7.5,S,14:00,40,70,55,15:00,05:00,1005.0,1013.0,13:00,03:00
2020-03-17,2.2,12.2,7.2,06:00,16:00,0.0,4.0,8.0,SW,14:00,41,71,56,15:00,05:00,1006.0,1014.0,13:00,03:00
2020-03-18,2.3,12.3,7.3,06:00,16:00,0.0,4.5,8.5,W,14:00,42,72,57,15:00,05:00,1007.0,1015.0,13:00,03:00
2020-03-19,2.5,12.5,7.5,06:00,16:00,0.0,5.0,9.0,NW,14:00,43,73,58,15:00,05:00,1008.0,1016.0,13:00,03:00
2020-03-20,2.6,12.6,7.6,06:00,16:00,0.0,5.5,9.5,N,14:00,44,74,59,15:00,05:00,1009.0,1017.0,13:00,03:00
2020-03-21,2.8,12.8,7.8,06:00,16:00,3.5,6.0,10.0,NE,14:00,45,75,60,15:00,05:00,1010.0,1018.0,13:00,03:00
2020-03-22,2.9,12.9,7.9,06:00,16:00,0.0,3.0,7.0,E,14:00,46,76,61,15:00,05:00,1011.0,1019.0,13:00,03:00
2020-03-23,3.1,13.1,8.1,06:00,16:00,0.0,3.5,7.5,SE,14:00,47,77,62,15:00,05:00,1012.0,1020.0,13:00,03:00
2020-03-24,3.3,13.3,8.3,06:00,16:00,0.0,4.0,8.0,S,14:00,48,78,63,15:00,05:00,1013.0,1021.0,13:00,03:00
2020-03-25,3.4,13.4,8.4,06:00,16:00,0.0,4.5,8.5,SW,14:00,49,79,64,15:00,05:00,1014.0,1022.0,13:00,03:00
2020-03-26,3.6,13.6,8.6,06:00,16:00,3.5,5.0,9.0,W,14:00,50,80,65,15:00,05:00,1005.0,1013.0,13:00,03:00
2020-03-27,3.7,13.7,8.7,06:00,16:00,0.0,5.5,9.5,NW,14:00,51,81,66,15:00,05:00,1006.0,1014.0,13:00,03:00
2020-03-28,3.9,13.9,8.9,06:00,16:00,0.0,6.0,10.0,N,14:00,52,82,67,15:00,05:00,1007.0,1015.0,13:00,03:00
2020-03-29,4.1,14.1,9.1,06:00,16:00,0.0,3.0,7.0,NE,14:00,53,83,68,15:00,05:00,1008.0,1016.0,13:00,03:00
2020-03-30,4.2,14.2,9.2,06:00,16:00,0.0,3.5,7.5,E,14:00,54,84,69,15:00,05:00,1009.0,1017.0,13:00,03:00
2020-03-31,4.4,14.4,9.4,06:00,16:00,3.5,4.0,8.0,SE,14:00,55,85,70,15:00,05:00,1010.0,1018.0,13:00,03:00
2020-04-01,4.6,14.6,9.6,06:00,16:00,0.0,4.5,8.5,S,14:00,56,86,71,15:00,05:00,1011.0,1019.0,13:00,03:00
2020-04-02,4.7,14.7,9.7,06:00,16:00,0.0,5.0,9.0,SW,14:00,57,87,72,15:00,05:00,1012.0,1020.0,13:00,03:00
2020-04-03,4.9,14.9,9.9,06:00,16:00,0.0,5.5,9.5,W,14:00,58,88,73,15:00,05:00,1013.0,1021.0,13:00,03:00
2020-04-04,5.1,15.1,10.1,06:00,16:00,0.0,6.0,10.0,NW,14:00,59,89,74,15:00,05:00,1014.0,1022.0,13:00,03:00
2020-04-05,5.2,15.2,10.2,06:00,16:00,3.5,3.0,7.0,N,14:00,40,70,55,15:00,05:00,1005.0,1013.0,13:00,03:00
2020-04-06,5.4,15.4,10.4,06:00,16:00,0.0,3.5,7.5,NE,14:00,41,71,56,15:00,05:00,1006.0,1014.0,13:00,03:00
2020-04-07,5.6,15.6,10.6,06:00,16:00,0.0,4.0,8.0,E,14:00,42,72,57,15:00,05:00,1007.0,1015.0,13:00,03:00
2020-04-08,5.8,15.8,10.8,06:00,16:00,0.0,4.5,8.5,SE,14:00,43,73,58,15:00,05:00,1008.0,1016.0,13:00,03:00
2020-04-09,5.9,15.9,10.9,06:00,16:00,0.0,5.0,9.0,S,14:00,44,74,59,15:00,05:00,1009.0,1017.0,13:00,03:00
2020-04-10,6.1,16.1,11.1,06:00,16:00,3.5,5.5,9.5,SW,14:00,45,75,60,15:00,05:00,1010.0,1018.0,13:00,03:00
2020-04-11,6.3,16.3,11.3,06:00,16:00,0.0,6.0,10.0,W,14:00,46,76,61,15:00,05:00,1011.0,1019.0,13:00,03:00
2020-04-12,6.4,16.4,11.4,06:00,16:00,0.0,3.0,7.0,NW,14:00,47,77,62,15:00,05:00,1012.0,1020.0,13:00,03:00
2020-04-13,6.6,16.6,11.6,06:00,16:00,0.0,3.5,7.5,N,14:00,48,78,63,15:00,05:00,1013.0,1021.0,13:00,03:00
2020-04-14,6.8,16.8,11.8,06:00,16:00,0.0,4.0,8.0,NE,14:00,49,79,64,15:00,05:00,1014.0,1022.0,13:00,03:00
2020-04-15,7.0,17.0,12.0,06:00,16:00,3.5,4.5,8.5,E,14:00,50,80,65,15:00,05:00,1005.0,1013.0,13:00,03:00
2020-04-16,7.1,17.1,12.1,06:00,16:00,0.0,5.0,9.0,SE,14:00,51,81,66,15:00,05:00,1006.0,1014.0,13:00,03:00
2020-04-17,7.3,17.3,12.3,06:00,16:00,0.0,5.5,9.5,S,14:00,52,82,67,15:00,05:00,1007.0,1015.0,13:00,03:00
2020-04-18,7.5,17.5,12.5,06:00,16:00,0.0,6.0,10.0,SW,14:00,53,83,68,15:00,05:00,1008.0,1016.0,13:00,03:00
2020-04-19,7.6,17.6,12.6,06:00,16:00,0.0,3.0,7.0,W,14:00,54,84,69,15:00,05:00,1009.0,1017.0,13:00,03:00
2020-04-20,7.8,17.8,12.8,06:00,16:00,3.5,3.5,7.5,NW,14:00,55,85,70,15:00,05:00,1010.0,1018.0,13:00,03:00
2020-04-21,8.0,18.0,13.0,06:00,16:00,0.0,4.0,8.0,N,14:00,56,86,71,15:00,05:00,1011.0,1019.0,13:00,03:00
2020-04-22,8.2,18.2,13.2,06:00,16:00,0.0,4.5,8.5,NE,14:00,57,87,72,15:00,05:00,1012.0,1020.0,13:00,03:00
2020-04-23,8.3,18.3,13.3,06:00,16:00,0.0,5.0,9.0,E,14:00,58,88,73,15:00,05:00,1013.0,1021.0,13:00,03:00
2020-04-24,8.5,18.5,13.5,06:00,16:00,0.0,5.5,9.5,SE,14:00,59,89,74,15:00,05:00,1014.0,1022.0,13:00,03:00
2020-04-25,8.7,18.7,13.7,06:00,16:00,3.5,6.0,10.0,S,14:00,40,70,55,15:00,05:00,1005.0,1013.0,13:00,03:00
2020-04-26,8.8,18.8,13.8,06:00,16:00,0.0,3.0,7.0,SW,14:00,41,71,56,15:00,05:00,1006.0,1014.0,13:00,03:00
2020-04-27,9.0,19.0,14.0,06:00,16:00,0.0,3.5,7.5,W,14:00,42,72,57,15:00,05:00,1007.0,1015.0,13:00,03:00
2020-04-28,9.2,19.2,14.2,06:00,16:00,0.0,4.0,8.0,NW,14:00,43,73,58,15:00,05:00,1008.0,1016.0,13:00,03:00
2020-04-29,9.3,19.3,14.3,06:00,16:00,0.0,4.5,8.5,N,14:00,44,74,59,15:00,05:00,1009.0,1017.0,13:00,03:00
2020-04-30,9.5,19.5,14.5,06:00,16:00,3.5,5.0,9.0,NE,14:00,45,75,60,15:00,05:00,1010.0,1018.0,13:00,03:00
2020-05-01,9.7,19.7,14.7,06:00,16:00,0.0,5.5,9.5,E,14:00,46,76,61,15:00,05:00,1011.0,1019.0,13:00,03:00
2020-05-02,9.8,19.8,14.8,06:00,16:00,0.0,6.0,10.0,SE,14:00,47,77,62,15:00,05:00,1012.0,1020.0,13:00,03:00
2020-05-03,10.0,20.0,15.0,06:00,16:00,0.0,3.0,7.0,S,14:00,48,78,63,15:00,05:00,1013.0,1021.0,13:00,03:00
2020-05-04,10.2,20.2,15.2,06:00,16:00,0.0,3.5,7.5,SW,14:00,49,79,64,15:00,05:00,1014.0,1022.0,13:00,03:00
2020-05-05,10.3,20.3,15.3,06:00,16:00,3.5,4.0,8.0,W,14:00,50,80,65,15:00,05:00,1005.0,1013.0,13:00,03:00
2020-05-06,10.5,20.5,15.5,06:00,16:00,0.0,4.5,8.5,NW,14:00,51,81,66,15:00,05:00,1006.0,1014.0,13:00,03:00
2020-05-07,10.7,20.7,15.7,06:00,16:00,0.0,5.0,9.0,N,14:00,52,82,67,15:00,05:00,1007.0,1015.0,13:00,03:00
2020-05-08,10.8,20.8,15.8,06:00,16:00,0.0,5.5,9.5,NE,14:00,53,83,68,15:00,05:00,1008.0,1016.0,13:00,03:00
2020-05-09,11.0,21.0,16.0,06:00,16:00,0.0,6.0,10.0,E,14:00,54,84,69,15:00,05:00,1009.0,1017.0,13:00,03:00
2020-05-10,11.1,21.1,16.1,06:00,16:00,3.5,3.0,7.0,SE,14:00,55,85,70,15:00,05:00,1010.0,1018.0,13:00,03:00
2020-05-11,11.3,21.3,16.3,06:00,16:00,0.0,3.5,7.5,S,14:00,56,86,71,15:00,05:00,1011.0,1019.0,13:00,03:00
2020-05-12,11.4,21.4,16.4,06:00,16:00,0.0,4.0,8.0,SW,14:00,57,87,72,15:00,05:00,1012.0,1020.0,13:00,03:00
2020-05-13,11.6,21.6,16.6,06:00,16:00,0.0,4.5,8.5,W,14:00,58,88,73,15:00,05:00,1013.0,1021.0,13:00,03:00
2020-05-14,11.7,21.7,16.7,06:00,16:00,0.0,5.0,9.0,NW,14:00,59,89,74,15:00,05:00,1014.0,1022.0,13:00,03:00
2020-05-15,11.9,21.9,16.9,06:00,16:00,3.5,5.5,9.5,N,14:00,40,70,55,15:00,05:00,1005.0,1013.0,13:00,03:00
2020-05-16,12.0,22.0,17.0,06:00,16:00,0.0,6.0,10.0,NE,14:00,41,71,56,15:00,05:00,1006.0,1014.0,13:00,03:00
2020-05-17,12.2,22.2,17.2,06:00,16:00,0.0,3.0,7.0,E,14:00,42,72,57,15:00,05:00,1007.0,1015.0,13:00,03:00
2020-05-18,12.3,22.3,17.3,06:00,16:00,0.0,3.5,7.5,SE,14:00,43,73,58,15:00,05:00,1008.0,1016.0,13:00,03:00
2020-05-19,12.5,22.5,17.5,06:00,16:00,0.0,4.0,8.0,S,14:00,44,74,59,15:00,05:00,1009.0,1017.0,13:00,03:00
2020-05-20,12.6,22.6,17.6,06:00,16:00,3.5,4.5,8.5,SW,14:00,45,75,60,15:00,05:00,1010.0,1018.0,13:00,03:00
2020-05-21,12.8,22.8,17.8,06:00,16:00,0.0,5.0,9.0,W,14:00,46,76,61,15:00,05:00,1011.0,1019.0,13:00,03:00
2020-05-22,12.9,22.9,17.9,06:00,16:00,0.0,5.5,9.5,NW,14:00,47,77,62,15:00,05:00,1012.0,1020.0,13:00,03:00
2020-05-23,13.1,23.1,18.1,06:00,16:00,0.0,6.0,10.0,N,14:00,48,78,63,15:00,05:00,1013.0,1021.0,13:00,03:00
2020-05-24,13.2,23.2,18.2,06:00,16:00,0.0,3.0,7.0,NE,14:00,49,79,64,15:00,05:00,1014.0,1022.0,13:00,03:00
2020-05-25,13.3,23.3,18.3,06:00,16:00,3.5,3.5,7.5,E,14:00,50,80,65,15:00,05:00,1005.0,1013.0,13:00,03:00
2020-05-26,13.5,23.5,18.5,06:00,16:00,0.0,4.0,8.0,SE,14:00,51,81,66,15:00,05:00,1006.0,1014.0,13:00,03:00
2020-05-27,13.6,23.6,18.6,06:00,16:00,0.0,4.5,8.5,S,14:00,52,82,67,15:00,05:00,1007.0,1015.0,13:00,03:00
2020-05-28,13.7,23.7,18.7,06:00,16:00,0.0,5.0,9.0,SW,14:00,53,83,68,15:00,05:00,1008.0,1016.0,13:00,03:00
2020-05-29,13.8,23.8,18.8,06:00,16:00,0.0,5.5,9.5,W,14:00,54,84,69,15:00,05:00,1009.0,1017.0,13:00,03:00
2020-05-30,14.0,24.0,19.0,06:00,16:00,3.5,6.0,10.0,NW,14:00,55,85,70,15:00,05:00,1010.0,1018.0,13:00,03:00
2020-05-31,14.1,24.1,19.1,06:00,16:00,0.0,3.0,7.0,N,14:00,56,86,71,15:00,05:00,1011.0,1019.0,13:00,03:00
2020-06-01,14.2,24.2,19.2,06:00,16:00,0.0,3.5,7.5,NE,14:00,57,87,72,15:00,05:00,1012.0,1020.0,13:00,03:00
2020-06-02,14.3,24.3,19.3,06:00,16:00,0.0,4.0,8.0,E,14:00,58,88,73,15:00,05:00,1013.0,1021.0,13:00,03:00
2020-06-03,14.4,24.4,19.4,06:00,16:00,0.0,4.5,8.5,SE,14:00,59,89,74,15:00,05:00,1014.0,1022.0,13:00,03:00
2020-06-04,14.6,24.6,19.6,06:00,16:00,3.5,5.0,9.0,S,14:00,40,70,55,15:00,05:00,1005.0,1013.0,13:00,03:00
2020-06-05,14.7,24.7,19.7,06:00,16:00,0.0,5.5,9.5,SW,14:00,41,71,56,15:00,05:00,1006.0,1014.0,13:00,03:00
2020-06-06,14.8,24.8,19.8,06:00,16:00,0.0,6.0,10.0,W,14:00,42,72,57,15:00,05:00,1007.0,1015.0,13:00,03:00
2020-06-07,14.9,24.9,19.9,06:00,16:00,0.0,3.0,7.0,NW,14:00,43,73,58,15:00,05:00,1008.0,1016.0,13:00,03:00
2020-06-08,15.0,25.0,20.0,06:00,16:00,0.0,3.5,7.5,N,14:00,44,74,59,15:00,05:00,1009.0,1017.0,13:00,03:00
2020-06-09,15.1,25.1,20.1,06:00,16:00,3.5,4.0,8.0,NE,14:00,45,75,60,15:00,05:00,1010.0,1018.0,13:00,03:00
2020-06-10,15.2,25.2,20.2,06:00,16:00,0.0,4.5,8.5,E,14:00,46,76,61,15:00,05:00,1011.0,1019.0,13:00,03:00
2020-06-11,15.3,25.3,20.3,06:00,16:00,0.0,5.0,9.0,SE,14:00,47,77,62,15:00,05:00,1012.0,1020.0,13:00,03:00
2020-06-12,15.4,25.4,20.4,06:00,16:00,0.0,5.5,9.5,S,14:00,48,78,63,15:00,05:00,1013.0,1021.0,13:00,03:00
2020-06-13,15.5,25.5,20.5,06:00,16:00,0.0,6.0,10.0,SW,14:00,49,79,64,15:00,05:00,1014.0,1022.0,13:00,03:00
2020-06-14,15.6,25.6,20.6,06:00,16:00,3.5,3.0,7.0,W,14:00,50,80,65,15:00,05:00,1005.0,1013.0,13:00,03:00
2020-06-15,15.7,25.7,20.7,06:00,16:00,0.0,3.5,7.5,NW,14:00,51,81,66,15:00,05:00,1006.0,1014.0,13:00,03:00
2020-06-16,15.7,25.7,20.7,06:00,16:00,0.0,4.0,8.0,N,14:00,52,82,67,15:00,05:00,1007.0,1015.0,13:00,03:00
2020-06-17,15.8,25.8,20.8,06:00,16:00,0.0,4.5,8.5,NE,14:00,53,83,68,15:00,05:00,1008.0,1016.0,13:00,03:00
2020-06-18,15.9,25.9,20.9,06:00,16:00,0.0,5.0,9.0,E,14:00,54,84,69,15:00,05:00,1009.0,1017.0,13:00,03:00
2020-06-19,16.0,26.0,21.0,06:00,16:00,3.5,5.5,9.5,SE,14:00,55,85,70,15:00,05:00,1010.0,1018.0,13:00,03:00
2020-06-20,16.1,26.1,21.1,06:00,16:00,0.0,6.0,10.0,S,14:00,56,86,71,15:00,05:00,1011.0,1019.0,13:00,03:00
2020-06-21,16.1,26.1,21.1,06:00,16:00,0.0,3.0,7.0,SW,14:00,57,87,72,15:00,05:00,1012.0,1020.0,13:00,03:00
2020-06-22,16.2,26.2,21.2,06:00,16:00,0.0,3.5,7.5,W,14:00,58,88,73,15:00,05:00,1013.0,1021.0,13:00,03:00
2020-06-23,16.3,26.3,21.3,06:00,16:00,0.0,4.0,8.0,NW,14:00,59,89,74,15:00,05:00,1014.0,1022.0,13:00,03:00
2020-06-24,16.3,26.3,21.3,06:00,16:00,3.5,4.5,8.5,N,14:00,40,70,55,15:00,05:00,1005.0,1013.0,13:00,03:00
2020-06-25,16.4,26.4,21.4,06:00,16:00,0.0,5.0,9.0,NE,14:00,41,71,56,15:00,05:00,1006.0,1014.0,13:00,03:00
2020-06-26,16.4,26.4,21.4,06:00,16:00,0.0,5.5,9.5,E,14:00,42,72,57,15:00,05:00,1007.0,1015.0,13:00,03:00
2020-06-27,16.5,26.5,21.5,06:00,16:00,0.0,6.0,10.0,SE,14:00,43,73,58,15:00,05:00,1008.0,1016.0,13:00,03:00
2020-06-28,16.5,26.5,21.5,06:00,16:00,0.0,3.0,7.0,S,14:00,44,74,59,15:00,05:00,1009.0,1017.0,13:00,03:00
2020-06-29,16.6,26.6,21.6,06:00,16:00,3.5,3.5,7.5,SW,14:00,45,75,60,15:00,05:00,1010.0,1018.0,13:00,03:00
2020-06-30,16.6,26.6,21.6,06:00,16:00,0.0,4.0,8.0,W,14:00,46,76,61,15:00,05:00,1011.0,1019.0,13:00,03:00
2020-07-01,16.7,26.7,21.7,06:00,16:00,0.0,4.5,8.5,NW,14:00,47,77,62,15:00,05:00,1012.0,1020.0,13:00,03:00
2020-07-02,16.7,26.7,21.7,06:00,16:00,0.0,5.0,9.0,N,14:00,48,78,63,15:00,05:00,1013.0,1021.0,13:00,03:00
2020-07-03,16.8,26.8,21.8,06:00,16:00,0.0,5.5,9.5,NE,14:00,49,79,64,15:00,05:00,1014.0,1022.0,13:00,03:00
2020-07-04,16.8,26.8,21.8,06:00,16:00,3.5,6.0,10.0,E,14:00,50,80,65,15:00,05:00,1005.0,1013.0,13:00,03:00
2020-07-05,16.8,26.8,21.8,06:00,16:00,0.0,3.0,7.0,SE,14:00,51,81,66,15:00,05:00,1006.0,1014.0,13:00,03:00
2020-07-06,16.9,26.9,21.9,06:00,16:00,0.0,3.5,7.5,S,14:00,52,82,67,15:00,05:00,1007.0,1015.0,13:00,03:00
2020-07-07,16.9,26.9,21.9,06:00,16:00,0.0,4.0,8.0,SW,14:00,53,83,68,15:00,05:00,1008.0,1016.0,13:00,03:00
2020-07-08,16.9,26.9,21.9,06:00,16:00,0.0,4.5,8.5,W,14:00,54,84,69,15:00,05:00,1009.0,1017.0,13:00,03:00
2020-07-09,16.9,26.9,21.9,06:00,16:00,3.5,5.0,9.0,NW,14:00,55,85,70,15:00,05:00,1010.0,1018.0,13:00,03:00
2020-07-10,17.0,27.0,22.0,06:00,16:00,0.0,5.5,9.5,N,14:00,56,86,71,15:00,05:00,1011.0,1019.0,13:00,03:00
2020-07-11,17.0,27.0,22.0,06:00,16:00,0.0,6.0,10.0,NE,14:00,57,87,72,15:00,05:00,1012.0,1020.0,13:00,03:00
2020-07-12,17.0,27.0,22.0,06:00,16:00,0.0,3.0,7.0,E,14:00,58,88,73,15:00,05:00,1013.0,1021.0,13:00,03:00
2020-07-13,17.0,27.0,22.0,06:00,16:00,0.0,3.5,7.5,SE,14:00,59,89,74,15:00,05:00,1014.0,1022.0,13:00,03:00
2020-07-14,17.0,27.0,22.0,06:00,16:00,3.5,4.0,8.0,S,14:00,40,70,55,15:00,05:00,1005.0,1013.0,13:00,03:00
2020-07-15,17.0,27.0,22.0,06:00,16:00,0.0,4.5,8.5,SW,14:00,41,71,56,15:00,05:00,1006.0,1014.0,13:00,03:00
2020-07-16,17.0,27.0,22.0,06:00,16:00,0.0,5.0,9.0,W,14:00,42,72,57,15:00,05:00,1007.0,1015.0,13:00,03:00
2020-07-17,17.0,27.0,22.0,06:00,16:00,0.0,5.5,9.5,NW,14:00,43,73,58,15:00,05:00,1008.0,1016.0,13:00,03:00
2020-07-18,17.0,27.0,22.0,06:00,16:00,0.0,6.0,10.0,N,14:00,44,74,59,15:00,05:00,1009.0,1017.0,13:00,03:00
2020-07-19,17.0,27.0,22.0,06:00,16:00,3.5,3.0,7.0,NE,14:00,45,75,60,15:00,05:00,1010.0,1018.0,13:00,03:00
2020-07-20,17.0,27.0,22.0,06:00,16:00,0.0,3.5,7.5,E,14:00,46,76,61,15:00,05:00,1011.0,1019.0,13:00,03:00
2020-07-21,17.0,27.0,22.0,06:00,16:00,0.0,4.0,8.0,SE,14:00,47,77,62,15:00,05:00,1012.0,1020.0,13:00,03:00
2020-07-22,16.9,26.9,21.9,06:00,16:00,0.0,4.5,8.5,S,14:00,48,78,63,15:00,05:00,1013.0,1021.0,13:00,03:00
2020-07-23,16.9,26.9,21.9,06:00,16:00,0.0,5.0,9.0,SW,14:00,49,79,64,15:00,05:00,1014.0,1022.0,13:00,03:00
2020-07-24,16.9,26.9,21.9,06:00,16:00,3.5,5.5,9.5,W,14:00,50,80,65,15:00,05:00,1005.0,1013.0,13:00,03:00
2020-07-25,16.9,26.9,21.9,06:00,16:00,0.0,6.0,10.0,NW,14:00,51,81,66,15:00,05:00,1006.0,1014.0,13:00,03:00
2020-07-26,16.8,26.8,21.8,06:00,16:00,0.0,3.0,7.0,N,14:00,52,82,67,15:00,05:00,1007.0,1015.0,13:00,03:00
2020-07-27,16.8,26.8,21.8,06:00,16:00,0.0,3.5,7.5,NE,14:00,53,83,68,15:00,05:00,1008.0,1016.0,13:00,03:00
2020-07-28,16.8,26.8,21.8,06:00,16:00,0.0,4.0,8.0,E,14:00,54,84,69,15:00,05:00,1009.0,1017.0,13:00,03:00
2020-07-29,16.7,26.7,21.7,06:00,16:00,3.5,4.5,8.5,SE,14:00,55,85,70,15:00,05:00,1010.0,1018.0,13:00,03:00
2020-07-30,16.7,26.7,21.7,06:00,16:00,0.0,5.0,9.0,S,14:00,56,86,71,15:00,05:00,1011.0,1019.0,13:00,03:00
2020-07-31,16.6,26.6,21.6,06:00,16:00,0.0,5.5,9.5,SW,14:00,57,87,72,15:00,05:00,1012.0,1020.0,13:00,03:00
2020-08-01,16.6,26.6,21.6,06:00,16:00,0.0,6.0,10.0,W,14:00,58,88,73,15:00,05:00,1013.0,1021.0,13:00,03:00
2020-08-02,16.5,26.5,21.5,06:00,16:00,0.0,3.0,7.0,NW,14:00,59,89,74,15:00,05:00,1014.0,1022.0,13:00,03:00
2020-08-03,16.5,26.5,21.5,06:00,16:00,3.5,3.5,7.5,N,14:00,40,70,55,15:00,05:00,1005.0,1013.0,13:00,03:00
2020-08-04,16.4,26.4,21.4,06:00,16:00,0.0,4.0,8.0,NE,14:00,41,71,56,15:00,05:00,1006.0,1014.0,13:00,03:00
2020-08-05,16.4,26.4,21.4,06:00,16:00,0.0,4.5,8.5,E,14:00,42,72,57,15:00,05:00,1007.0,1015.0,13:00,03:00
2020-08-06,16.3,26.3,21.3,06:00,16:00,0.0,5.0,9.0,SE,14:00,43,73,58,15:00,05:00,1008.0,1016.0,13:00,03:00
2020-08-07,16.3,26.3,21.3,06:00,16:00,0.0,5.5,9.5,S,14:00,44,74,59,15:00,05:00,1009.0,1017.0,13:00,03:00
2020-08-08,16.2,26.2,21.2,06:00,16:00,3.5,6.0,10.0,SW,14:00,45,75,60,15:00,05:00,1010.0,1018.0,13:00,03:00
2020-08-09,16.1,26.1,21.1,06:00,16:00,0.0,3.0,7.0,W,14:00,46,76,61,15:00,05:00,1011.0,1019.0,13:00,03:00
2020-08-10,16.1,26.1,21.1,06:00,16:00,0.0,3.5,7.5,NW,14:00,47,77,62,15:00,05:00,1012.0,1020.0,13:00,03:00
2020-08-11,16.0,26.0,21.0,06:00,16:00,0.0,4.0,8.0,N,14:00,48,78,63,15:00,05:00,1013.0,1021.0,13:00,03:00
2020-08-12,15.9,25.9,20.9,06:00,16:00,0.0,4.5,8.5,NE,14:00,49,79,64,15:00,05:00,1014.0,1022.0,13:00,03:00
2020-08-13,15.8,25.8,20.8,06:00,16:00,3.5,5.0,9.0,E,14:00,50,80,65,15:00,05:00,1005.0,1013.0,13:00,03:00
2020-08-14,15.7,25.7,20.7,06:00,16:00,0.0,5.5,9.5,SE,14:00,51,81,66,15:00,05:00,1006.0,1014.0,13:00,03:00
2020-08-15,15.7,25.7,20.7,06:00,16:00,0.0,6.0,10.0,S,14:00,52,82,67,15:00,05:00,1007.0,1015.0,13:00,03:00
2020-08-16,15.6,25.6,20.6,06:00,16:00,0.0,3.0,7.0,SW,14:00,53,83,68,15:00,05:00,1008.0,1016.0,13:00,03:00
2020-08-17,15.5,25.5,20.5,06:00,16:00,0.0,3.5,7.5,W,14:00,54,84,69,15:00,05:00,1009.0,1017.0,13:00,03:00
2020-08-18,15.4,25.4,20.4,06:00,16:00,3.5,4.0,8.0,NW,14:00,55,85,70,15:00,05:00,1010.0,1018.0,13:00,03:00
2020-08-19,15.3,25.3,20.3,06:00,16:00,0.0,4.5,8.5,N,14:00,56,86,71,15:00,05:00,1011.0,1019.0,13:00,03:00
2020-08-20,15.2,25.2,20.2,06:00,16:00,0.0,5.0,9.0,NE,14:00,57,87,72,15:00,05:00,1012.0,1020.0,13:00,03:00
2020-08-21,15.1,25.1,20.1,06:00,16:00,0.0,5.5,9.5,E,14:00,58,88,73,15:00,05:00,1013.0,1021.0,13:00,03:00
2020-08-22,15.0,25.0,20.0,06:00,16:00,0.0,6.0,10.0,SE,14:00,59,89,74,15:00,05:00,1014.0,1022.0,13:00,03:00
2020-08-23,14.9,24.9,19.9,06:00,16:00,3.5,3.0,7.0,S,14:00,40,70,55,15:00,05:00,1005.0,1013.0,13:00,03:00
2020-08-24,14.8,24.8,19.8,06:00,16:00,0.0,3.5,7.5,SW,14:00,41,71,56,15:00,05:00,1006.0,1014.0,13:00,03:00
2020-08-25,14.7,24.7,19.7,06:00,16:00,0.0,4.0,8.0,W,14:00,42,72,57,15:00,05:00,1007.0,1015.0,13:00,03:00
2020-08-26,14.6,24.6,19.6,06:00,16:00,0.0,4.5,8.5,NW,14:00,43,73,58,15:00,05:00,1008.0,1016.0,13:00,03:00
2020-08-27,14.4,24.4,19.4,06:00,16:00,0.0,5.0,9.0,N,14:00,44,74,59,15:00,05:00,1009.0,1017.0,13:00,03:00
2020-08-28,14.3,24.3,19.3,06:00,16:00,3.5,5.5,9.5,NE,14:00,45,75,60,15:00,05:00,1010.0,1018.0,13:00,03:00
2020-08-29,14.2,24.2,19.2,06:00,16:00,0.0,6.0,10.0,E,14:00,46,76,61,15:00,05:00,1011.0,1019.0,13:00,03:00
2020-08-30,14.1,24.1,19.1,06:00,16:00,0.0,3.0,7.0,SE,14:00,47,77,62,15:00,05:00,1012.0,1020.0,13:00,03:00
2020-08-31,14.0,24.0,19.0,06:00,16:00,0.0,3.5,7.5,S,14:00,48,78,63,15:00,05:00,1013.0,1021.0,13:00,03:00
2020-09-01,13.8,23.8,18.8,06:00,16:00,0.0,4.0,8.0,SW,14:00,49,79,64,15:00,05:00,1014.0,1022.0,13:00,03:00
2020-09-02,13.7,23.7,18.7,06:00,16:00,3.5,4.5,8.5,W,14:00,50,80,65,15:00,05:00,1005.0,1013.0,13:00,03:00
2020-09-03,13.6,23.6,18.6,06:00,16:00,0.0,5.0,9.0,NW,14:00,51,81,66,15:00,05:00,1006.0,1014.0,13:00,03:00
2020-09-04,13.5,23.5,18.5,06:00,16:00,0.0,5.5,9.5,N,14:00,52,82,67,15:00,05:00,1007.0,1015.0,13:00,03:00
2020-09-05,13.3,23.3,18.3,06:00,16:00,0.0,6.0,10.0,NE,14:00,53,83,68,15:00,05:00,1008.0,1016.0,13:00,03:00
2020-09-06,13.2,23.2,18.2,06:00,16:00,0.0,3.0,7.0,E,14:00,54,84,69,15:00,05:00,1009.0,1017.0,13:00,03:00
2020-09-07,13.1,23.1,18.1,06:00,16:00,3.5,3.5,7.5,SE,14:00,55,85,70,15:00,05:00,1010.0,1018.0,13:00,03:00
2020-09-08,12.9,22.9,17.9,06:00,16:00,0.0,4.0,8.0,S,14:00,56,86,71,15:00,05:00,1011.0,1019.0,13:00,03:00
2020-09-09,12.8,22.8,17.8,06:00,16:00,0.0,4.5,8.5,SW,14:00,57,87,72,15:00,05:00,1012.0,1020.0,13:00,03:00
2020-09-10,12.6,22.6,17.6,06:00,16:00,0.0,5.0,9.0,W,14:00,58,88,73,15:00,05:00,1013.0,1021.0,13:00,03:00
2020-09-11,12.5,22.5,17.5,06:00,16:00,0.0,5.5,9.5,NW,14:00,59,89,74,15:00,05:00,1014.0,1022.0,13:00,03:00
2020-09-12,12.3,22.3,17.3,06:00,16:00,3.5,6.0,10.0,N,14:00,40,70,55,15:00,05:00,1005.0,1013.0,13:00,03:00
2020-09-13,12.2,22.2,17.2,06:00,16:00,0.0,3.0,7.0,NE,14:00,41,71,56,15:00,05:00,1006.0,1014.0,13:00,03:00
2020-09-14,12.0,22.0,17.0,06:00,16:00,0.0,3.5,7.5,E,14:00,42,72,57,15:00,05:00,1007.0,1015.0,13:00,03:00
2020-09-15,11.9,21.9,16.9,06:00,16:00,0.0,4.0,8.0,SE,14:00,43,73,58,15:00,05:00,1008.0,1016.0,13:00,03:00
2020-09-16,11.7,21.7,16.7,06:00,16:00,0.0,4.5,8.5,S,14:00,44,74,59,15:00,05:00,1009.0,1017.0,13:00,03:00
2020-09-17,11.6,21.6,16.6,06:00,16:00,3.5,5.0,9.0,SW,14:00,45,75,60,15:00,05:00,1010.0,1018.0,13:00,03:00
2020-09-18,11.4,21.4,16.4,06:00,16:00,0.0,5.5,9.5,W,14:00,46,76,61,15:00,05:00,1011.0,1019.0,13:00,03:00
2020-09-19,11.3,21.3,16.3,06:00,16:00,0.0,6.0,10.0,NW,14:00,47,77,62,15:00,05:00,1012.0,1020.0,13:00,03:00
2020-09-20,11.1,21.1,16.1,06:00,16:00,0.0,3.0,7.0,N,14:00,48,78,63,15:00,05:00,1013.0,1021.0,13:00,03:00
2020-09-21,11.0,21.0,16.0,06:00,16:00,0.0,3.5,7.5,NE,14:00,49,79,64,15:00,05:00,1014.0,1022.0,13:00,03:00
2020-09-22,10.8,20.8,15.8,06:00,16:00,3.5,4.0,8.0,E,14:00,50,80,65,15:00,05:00,1005.0,1013.0,13:00,03:00
2020-09-23,10.7,20.7,15.7,06:00,16:00,0.0,4.5,8.5,SE,14:00,51,81,66,15:00,05:00,1006.0,1014.0,13:00,03:00
2020-09-24,10.5,20.5,15.5,06:00,16:00,0.0,5.0,9.0,S,14:00,52,82,67,15:00,05:00,1007.0,1015.0,13:00,03:00
2020-09-25,10.3,20.3,15.3,06:00,16:00,0.0,5.5,9.5,SW,14:00,53,83,68,15:00,05:00,1008.0,1016.0,13:00,03:00
2020-09-26,10.2,20.2,15.2,06:00,16:00,0.0,6.0,10.0,W,14:00,54,84,69,15:00,05:00,1009.0,1017.0,13:00,03:00
2020-09-27,10.0,20.0,15.0,06:00,16:00,3.5,3.0,7.0,NW,14:00,55,85,70,15:00,05:00,1010.0,1018.0,13:00,03:00
2020-09-28,9.8,19.8,14.8,06:00,16:00,0.0,3.5,7.5,N,14:00,56,86,71,15:00,05:00,1011.0,1019.0,13:00,03:00
2020-09-29,9.7,19.7,14.7,06:00,16:00,0.0,4.0,8.0,NE,14:00,57,87,72,15:00,05:00,1012.0,1020.0,13:00,03:00
2020-09-30,9.5,19.5,14.5,06:00,16:00,0.0,4.5,8.5,E,14:00,58,88,73,15:00,05:00,1013.0,1021.0,13:00,03:00
2020-10-01,9.3,19.3,14.3,06:00,16:00,0.0,5.0,9.0,SE,14:00,59,89,74,15:00,05:00,1014.0,1022.0,13:00,03:00
2020-10-02,9.2,19.2,14.2,06:00,16:00,3.5,5.5,9.5,S,14:00,40,70,55,15:00,05:00,1005.0,1013.0,13:00,03:00
2020-10-03,9.0,19.0,14.0,06:00,16:00,0.0,6.0,10.0,SW,14:00,41,71,56,15:00,05:00,1006.0,1014.0,13:00,03:00
2020-10-04,8.8,18.8,13.8,06:00,16:00,0.0,3.0,7.0,W,14:00,42,72,57,15:00,05:00,1007.0,1015.0,13:00,03:00
2020-10-05,8.7,18.7,13.7,06:00,16:00,0.0,3.5,7.5,NW,14:00,43,73,58,15:00,05:00,1008.0,1016.0,13:00,03:00
2020-10-06,8.5,18.5,13.5,06:00,16:00,0.0,4.0,8.0,N,14:00,44,74,59,15:00,05:00,1009.0,1017.0,13:00,03:00
2020-10-07,8.3,18.3,13.3,06:00,16:00,3.5,4.5,8.5,NE,14:00,45,75,60,15:00,05:00,1010.0,1018.0,13:00,03:00
2020-10-08,8.2,18.2,13.2,06:00,16:00,0.0,5.0,9.0,E,14:00,46,76,61,15:00,05:00,1011.0,1019.0,13:00,03:00
2020-10-09,8.0,18.0,13.0,06:00,16:00,0.0,5.5,9.5,SE,14:00,47,77,62,15:00,05:00,1012.0,1020.0,13:00,03:00
2020-10-10,7.8,17.8,12.8,06:00,16:00,0.0,6.0,10.0,S,14:00,48,78,63,15:00,05:00,1013.0,1021.0,13:00,03:00
2020-10-11,7.6,17.6,12.6,06:00,16:00,0.0,3.0,7.0,SW,14:00,49,79,64,15:00,05:00,1014.0,1022.0,13:00,03:00
2020-10-12,7.5,17.5,12.5,06:00,16:00,3.5,3.5,7.5,W,14:00,50,80,65,15:00,05:00,1005.0,1013.0,13:00,03:00
2020-10-13,7.3,17.3,12.3,06:00,16:00,0.0,4.0,8.0,NW,14:00,51,81,66,15:00,05:00,1006.0,1014.0,13:00,03:00
2020-10-14,7.1,17.1,12.1,06:00,16:00,0.0,4.5,8.5,N,14:00,52,82,67,15:00,05:00,1007.0,1015.0,13:00,03:00
2020-10-15,7.0,17.0,12.0,06:00,16:00,0.0,5.0,9.0,NE,14:00,53,83,68,15:00,05:00,1008.0,1016.0,13:00,03:00
2020-10-16,6.8,16.8,11.8,06:00,16:00,0.0,5.5,9.5,E,14:00,54,84,69,15:00,05:00,1009.0,1017.0,13:00,03:00
2020-10-17,6.6,16.6,11.6,06:00,16:00,3.5,6.0,10.0,SE,14:00,55,85,70,15:00,05:00,1010.0,1018.0,13:00,03:00
2020-10-18,6.4,16.4,11.4,06:00,16:00,0.0,3.0,7.0,S,14:00,56,86,71,15:00,05:00,1011.0,1019.0,13:00,03:00
2020-10-19,6.3,16.3,11.3,06:00,16:00,0.0,3.5,7.5,SW,14:00,57,87,72,15:00,05:00,1012.0,1020.0,13:00,03:00
2020-10-20,6.1,16.1,11.1,06:00,16:00,0.0,4.0,8.0,W,14:00,58,88,73,15:00,05:00,1013.0,1021.0,13:00,03:00
2020-10-21,5.9,15.9,10.9,06:00,16:00,0.0,4.5,8.5,NW,14:00,59,89,74,15:00,05:00,1014.0,1022.0,13:00,03:00
2020-10-22,5.8,15.8,10.8,06:00,16:00,3.5,5.0,9.0,N,14:00,40,70,55,15:00,05:00,1005.0,1013.0,13:00,03:00
2020-10-23,5.6,15.6,10.6,06:00,16:00,0.0,5.5,9.5,NE,14:00,41,71,56,15:00,05:00,1006.0,1014.0,13:00,03:00
2020-10-24,5.4,15.4,10.4,06:00,16:00,0.0,6.0,10.0,E,14:00,42,72,57,15:00,05:00,1007.0,1015.0,13:00,03:00
2020-10-25,5.2,15.2,10.2,06:00,16:00,0.0,3.0,7.0,SE,14:00,43,73,58,15:00,05:00,1008.0,1016.0,13:00,03:00
2020-10-26,5.1,15.1,10.1,06:00,16:00,0.0,3.5,7.5,S,14:00,44,74,59,15:00,05:00,1009.0,1017.0,13:00,03:00
2020-10-27,4.9,14.9,9.9,06:00,16:00,3.5,4.0,8.0,SW,14:00,45,75,60,15:00,05:00,1010.0,1018.0,13:00,03:00
2020-10-28,4.7,14.7,9.7,06:00,16:00,0.0,4.5,8.5,W,14:00,46,76,61,15:00,05:00,1011.0,1019.0,13:00,03:00
2020-10-29,4.6,14.6,9.6,06:00,16:00,0.0,5.0,9.0,NW,14:00,47,77,62,15:00,05:00,1012.0,1020.0,13:00,03:00
2020-10-30,4.4,14.4,9.4,06:00,16:00,0.0,5.5,9.5,N,14:00,48,78,63,15:00,05:00,1013.0,1021.0,13:00,03:00
2020-10-31,4.2,14.2,9.2,06:00,16:00,0.0,6.0,10.0,NE,14:00,49,79,64,15:00,05:00,1014.0,1022.0,13:00,03:00
2020-11-01,4.1,14.1,9.1,06:00,16:00,3.5,3.0,7.0,E,14:00,50,80,65,15:00,05:00,1005.0,1013.0,13:00,03:00
2020-11-02,3.9,13.9,8.9,06:00,16:00,0.0,3.5,7.5,SE,14:00,51,81,66,15:00,05:00,1006.0,1014.0,13:00,03:00
2020-11-03,3.7,13.7,8.7,06:00,16:00,0.0,4.0,8.0,S,14:00,52,82,67,15:00,05:00,1007.0,1015.0,13:00,03:00
2020-11-04,3.6,13.6,8.6,06:00,16:00,0.0,4.5,8.5,SW,14:00,53,83,68,15:00,05:00,1008.0,1016.0,13:00,03:00
2020-11-05,3.4,13.4,8.4,06:00,16:00,0.0,5.0,9.0,W,14:00,54,84,69,15:00,05:00,1009.0,1017.0,13:00,03:00
2020-11-06,3.3,13.3,8.3,06:00,16:00,3.5,5.5,9.5,NW,14:00,55,85,70,15:00,05:00,1010.0,1018.0,13:00,03:00
2020-11-07,3.1,13.1,8.1,06:00,16:00,0.0,6.0,10.0,N,14:00,56,86,71,15:00,05:00,1011.0,1019.0,13:00,03:00
2020-11-08,2.9,12.9,7.9,06:00,16:00,0.0,3.0,7.0,NE,14:00,57,87,72,15:00,05:00,1012.0,1020.0,13:00,03:00
2020-11-09,2.8,12.8,7.8,06:00,16:00,0.0,3.5,7.5,E,14:00,58,88,73,15:00,05:00,1013.0,1021.0,13:00,03:00
2020-11-10,2.6,12.6,7.6,06:00,16:00,0.0,4.0,8.0,SE,14:00,59,89,74,15:00,05:00,1014.0,1022.0,13:00,03:00
2020-11-11,2.5,12.5,7.5,06:00,16:00,3.5,4.5,8.5,S,14:00,40,70,55,15:00,05:00,1005.0,1013.0,13:00,03:00
2020-11-12,2.3,12.3,7.3,06:00,16:00,0.0,5.0,9.0,SW,14:00,41,71,56,15:00,05:00,1006.0,1014.0,13:00,03:00
2020-11-13,2.2,12.2,7.2,06:00,16:00,0.0,5.5,9.5,W,14:00,42,72,57,15:00,05:00,1007.0,1015.0,13:00,03:00
2020-11-14,2.0,12.0,7.0,06:00,16:00,0.0,6.0,10.0,NW,14:00,43,73,58,15:00,05:00,1008.0,1016.0,13:00,03:00
2020-11-15,1.9,11.9,6.9,06:00,16:00,0.0,3.0,7.0,N,14:00,44,74,59,15:00,05:00,1009.0,1017.0,13:00,03:00
2020-11-16,1.7,11.7,6.7,06:00,16:00,3.5,3.5,7.5,NE,14:00,45,75,60,15:00,05:00,1010.0,1018.0,13:00,03:00
2020-11-17,1.6,11.6,6.6,06:00,16:00,0.0,4.0,8.0,E,14:00,46,76,61,15:00,05:00,1011.0,1019.0,13:00,03:00
2020-11-18,1.4,11.4,6.4,06:00,16:00,0.0,4.5,8.5,SE,14:00,47,77,62,15:00,05:00,1012.0,1020.0,13:00,03:00
2020-11-19,1.3,11.3,6.3,06:00,16:00,0.0,5.0,9.0,S,14:00,48,78,63,15:00,05:00,1013.0,1021.0,13:00,03:00
2020-11-20,1.2,11.2,6.2,06:00,16:00,0.0,5.5,9.5,SW,14:00,49,79,64,15:00,05:00,1014.0,1022.0,13:00,03:00
2020-11-21,1.0,11.0,6.0,06:00,16:00,3.5,6.0,10.0,W,14:00,50,80,65,15:00,05:00,1005.0,1013.0,13:00,03:00
2020-11-22,0.9,10.9,5.9,06:00,16:00,0.0,3.0,7.0,NW,14:00,51,81,66,15:00,05:00,1006.0,1014.0,13:00,03:00
2020-11-23,0.7,10.7,5.7,06:00,16:00,0.0,3.5,7.5,N,14:00,52,82,67,15:00,05:00,1007.0,1015.0,13:00,03:00
2020-11-24,0.6,10.6,5.6,06:00,16:00,0.0,4.0,8.0,NE,14:00,53,83,68,15:00,05:00,1008.0,1016.0,13:00,03:00
2020-11-25,0.5,10.5,5.5,06:00,16:00,0.0,4.5,8.5,E,14:00,54,84,69,15:00,05:00,1009.0,1017.0,13:00,03:00
2020-11-26,0.4,10.4,5.4,06:00,16:00,3.5,5.0,9.0,SE,14:00,55,85,70,15:00,05:00,1010.0,1018.0,13:00,03:00
2020-11-27,0.2,10.2,5.2,06:00,16:00,0.0,5.5,9.5,S,14:00,56,86,71,15:00,05:00,1011.0,1019.0,13:00,03:00
2020-11-28,0.1,10.1,5.1,06:00,16:00,0.0,6.0,10.0,SW,14:00,57,87,72,15:00,05:00,1012.0,1020.0,13:00,03:00
2020-11-29,0.0,10.0,5.0,06:00,16:00,0.0,3.0,7.0,W,14:00,58,88,73,15:00,05:00,1013.0,1021.0,13:00,03:00
2020-11-30,-0.1,9.9,4.9,06:00,16:00,0.0,3.5,7.5,NW,14:00,59,89,74,15:00,05:00,1014.0,1022.0,13:00,03:00
2020-12-01,-0.3,9.7,4.7,06:00,16:00,3.5,4.0,8.0,N,14:00,40,70,55,15:00,05:00,1005.0,1013.0,13:00,03:00
2020-12-02,-0.4,9.6,4.6,06:00,16:00,0.0,4.5,8.5,NE,14:00,41,71,56,15:00,05:00,1006.0,1014.0,13:00,03:00
2020-12-03,-0.5,9.5,4.5,06:00,16:00,0.0,5.0,9.0,E,14:00,42,72,57,15:00,05:00,1007.0,1015.0,13:00,03:00
2020-12-04,-0.6,9.4,4.4,06:00,16:00,0.0,5.5,9.5,SE,14:00,43,73,58,15:00,05:00,1008.0,1016.0,13:00,03:00
2020-12-05,-0.7,9.3,4.3,06:00,16:00,0.0,6.0,10.0,S,14:00,44,74,59,15:00,05:00,1009.0,1017.0,13:00,03:00
2020-12-06,-0.8,9.2,4.2,06:00,16:00,3.5,3.0,7.0,SW,14:00,45,75,60,15:00,05:00,1010.0,1018.0,13:00,03:00
2020-12-07,-0.9,9.1,4.1,06:00,16:00,0.0,3.5,7.5,W,14:00,46,76,61,15:00,05:00,1011.0,1019.0,13:00,03:00
2020-12-08,-1.0,9.0,4.0,06:00,16:00,0.0,4.0,8.0,NW,14:00,47,77,62,15:00,05:00,1012.0,1020.0,13:00,03:00
2020-12-09,-1.1,8.9,3.9,06:00,16:00,0.0,4.5,8.5,N,14:00,48,78,63,15:00,05:00,1013.0,1021.0,13:00,03:00
2020-12-10,-1.2,8.8,3.8,06:00,16:00,0.0,5.0,9.0,NE,14:00,49,79,64,15:00,05:00,1014.0,1022.0,13:00,03:00
2020-12-11,-1.3,8.7,3.7,06:00,16:00,3.5,5.5,9.5,E,14:00,50,80,65,15:00,05:00,1005.0,1013.0,13:00,03:00
2020-12-12,-1.4,8.6,3.6,06:00,16:00,0.0,6.0,10.0,SE,14:00,51,81,66,15:00,05:00,1006.0,1014.0,13:00,03:00
2020-12-13,-1.5,8.5,3.5,06:00,16:00,0.0,3.0,7.0,S,14:00,52,82,67,15:00,05:00,1007.0,1015.0,13:00,03:00
2020-12-14,-1.6,8.4,3.4,06:00,16:00,0.0,3.5,7.5,SW,14:00,53,83,68,15:00,05:00,1008.0,1016.0,13:00,03:00
2020-12-15,-1.7,8.3,3.3,06:00,16:00,0.0,4.0,8.0,W,14:00,54,84,69,15:00,05:00,1009.0,1017.0,13:00,03:00
2020-12-16,-1.8,8.2,3.2,06:00,16:00,3.5,4.5,8.5,NW,14:00,55,85,70,15:00,05:00,1010.0,1018.0,13:00,03:00
2020-12-17,-1.9,8.1,3.1,06:00,16:00,0.0,5.0,9.0,N,14:00,56,86,71,15:00,05:00,1011.0,1019.0,13:00,03:00
2020-12-18,-1.9,8.1,3.1,06:00,16:00,0.0,5.5,9.5,NE,14:00,57,87,72,15:00,05:00,1012.0,1020.0,13:00,03:00
2020-12-19,-2.0,8.0,3.0,06:00,16:00,0.0,6.0,10.0,E,14:00,58,88,73,15:00,05:00,1013.0,1021.0,13:00,03:00
2020-12-20,-2.1,7.9,2.9,06:00,16:00,0.0,3.0,7.0,SE,14:00,59,89,74,15:00,05:00,1014.0,1022.0,13:00,03:00
2020-12-21,-2.2,7.8,2.8,06:00,16:00,3.5,3.5,7.5,S,14:00,40,70,55,15:00,05:00,1005.0,1013.0,13:00,03:00
2020-12-22,-2.2,7.8,2.8,06:00,16:00,0.0,4.0,8.0,SW,14:00,41,71,56,15:00,05:00,1006.0,1014.0,13:00,03:00
2020-12-23,-2.3,7.7,2.7,06:00,16:00,0.0,4.5,8.5,W,14:00,42,72,57,15:00,05:00,1007.0,1015.0,13:00,03:00
2020-12-24,-2.4,7.6,2.6,06:00,16:00,0.0,5.0,9.0,NW,14:00,43,73,58,15:00,05:00,1008.0,1016.0,13:00,03:00
2020-12-25,-2.4,7.6,2.6,06:00,16:00,0.0,5.5,9.5,N,14:00,44,74,59,15:00,05:00,1009.0,1017.0,13:00,03:00
2020-12-26,-2.5,7.5,2.5,06:00,16:00,3.5,6.0,10.0,NE,14:00,45,75,60,15:00,05:00,1010.0,1018.0,13:00,03:00
2020-12-27,-2.5,7.5,2.5,06:00,16:00,0.0,3.0,7.0,E,14:00,46,76,61,15:00,05:00,1011.0,1019.0,13:00,03:00
2020-12-28,-2.6,7.4,2.4,06:00,16:00,0.0,3.5,7.5,SE,14:00,47,77,62,15:00,05:00,1012.0,1020.0,13:00,03:00
2020-12-29,-2.6,7.4,2.4,06:00,16:00,0.0,4.0,8.0,S,14:00,48,78,63,15:00,05:00,1013.0,1021.0,13:00,03:00
2020-12-30,-2.7,7.3,2.3,06:00,16:00,0.0,4.5,8.5,SW,14:00,49,79,64,15:00,05:00,1014.0,1022.0,13:00,03:00
2020-12-31,-2.7,7.3,2.3,06:00,16:00,3.5,5.0,9.0,W,14:00,50,80,65,15:00,05:00,1005.0,1013.0,13:00,03:00
